id,title,original_title,description,v_picture,h_picture,premiere_date,rating_avg,rate_imdb,rate_kinopoisk,duration_minutes,age_limit,view_count,genres,actors,directors,countries,categories,favorite_for,need_to_see,trailer_link
125,Тибра,,"Девочка-изгой уверяет всех, что маленькую Катю похитило чудовище. Мистический триллер о подростковом буллинге",images/movies/тибра_вертикаль.webp,images/movies/тибра_горизонталь.webp,2022-01-01,0.0,0.0,6.1,84,18,35,11,"795,791,793,794,792,796,798,799,797",121,2,1,"d4c72276-946f-4776-91f3-afed5d53df48,58ed4fc8-ac3e-48b0-a3d1-f2a08b5156ae,2ac96d6d-0fa8-40c4-bbb6-23f1339d3f1d","de14e808-7cfd-4b90-82f6-624664ed2e4b,d4c72276-946f-4776-91f3-afed5d53df48,c8850036-31f8-4063-8a21-5ee4764ccb8b,b53954b0-4332-4aeb-ab11-fcdcec07c046,9a6b7d04-d8e2-454e-9b5d-65d10a425089,92102d34-2334-422a-949f-6cf87b415b10",https://youtube.com/embed/7ES3eT3sIWg
70,Боудика — королева воинов,Boudica: Rise of the Warrior Queen,"Вождь кельтского клана хочет отдать свою шестнадцатилетнюю дочь Боудику в брак по расчету. Но ее мать делает все возможное, чтобы защитить ее. Она убеждает Боудику бежать из деревни и укрыться в доме, где прошло ее детство. Боудика понимает, что прошлое однажды настигнет ее, и к этому времени она должна превратиться из простой девушки в королеву-воительницу, чтобы защитить всех, кого любит.",images/movies/Боудика_королева_воинов_вертикальная.webp,images/movies/Боудика_королева_воинов_горизонтальная_доработать.webp,2019-01-01,0.0,3.1,4.9,82,18,55,16,"446,448,447,445,444",74,6,1,"d4c72276-946f-4776-91f3-afed5d53df48,5018f760-a526-42ff-bf8e-47d439a48790,4a01ed61-cf28-4ec2-aa18-a97a2462bd74,2ac96d6d-0fa8-40c4-bbb6-23f1339d3f1d","de14e808-7cfd-4b90-82f6-624664ed2e4b,d4c72276-946f-4776-91f3-afed5d53df48,b53954b0-4332-4aeb-ab11-fcdcec07c046,58ed4fc8-ac3e-48b0-a3d1-f2a08b5156ae",www.youtube.com/embed/4QsUtK-d29I
115,Почти как люди,Humains,"Французский профессор-антрополог находит информацию о том, что советский ученый еще до второй мировой войны обнаружил в Альпах череп неандертальца, возрастом не 100000 лет как должно быть, а всего лишь 300 лет! Ученый погиб в горниле войны и об его находке все забыли.
Французский ученый решает отправиться в экспедицию в Альпы чтобы доказать тот факт, что неандертальцы могли дожить до сегодняшних дней. В экспедицию он берет своего сына и свою бывшую студентку. На горной дороге они подбирают семью туристов, путешествующих в этом районе и вскоре попадают в аварию.
Машина, разбив ограждение, срывается в пропасть, профессор погибает, а оставшиеся в живых должны найти выход из ущелья, в которое они попали. Борьба со стихией перерастает в борьбу за выживание, когда заблудившихся героев начинает преследовать нечто или некто...",images/movies/почти_как_люди_вертикаль.webp,images/movies/почти_как_люди_горизонталь.webp,2009-01-01,0.0,3.5,4.3,90,16,45,"11,10,7,6","704,711,708,703,710,709,705,702,707,706","112,113","20,5,19",1,d4c72276-946f-4776-91f3-afed5d53df48,"de14e808-7cfd-4b90-82f6-624664ed2e4b,d4c72276-946f-4776-91f3-afed5d53df48,c8850036-31f8-4063-8a21-5ee4764ccb8b",https://youtube.com/embed/cbHvF-DI0qg
113,Азбука смерти,The ABCs of Death,"Режиссеры из разных стран выбирает себе букву алфавита и слово, начинающееся на эту букву. Вокруг них и должен строиться сюжет каждой истории. Зрители станут свидетелями самых изощренных убийств по алфавиту от A до Z.",images/movies/азбука_смерти_вертикаль.webp,images/movies/азбука_смерти_горизонталь.webp,2012-01-01,0.0,4.7,4.2,129,18,26,"10,1","685,686,687,689,684,688,691,690,683","109,108,110","18,1",1,"d4c72276-946f-4776-91f3-afed5d53df48,58ed4fc8-ac3e-48b0-a3d1-f2a08b5156ae,5018f760-a526-42ff-bf8e-47d439a48790,1b8fd4c0-f30f-4dcd-952b-000431d86e0a","de14e808-7cfd-4b90-82f6-624664ed2e4b,d4c72276-946f-4776-91f3-afed5d53df48,c8850036-31f8-4063-8a21-5ee4764ccb8b",https://youtube.com/embed/jFryS_mxDx0
116,Изображение смерти,Imago mortis,"В начале XVII века, задолго до изобретения фотографии, итальянский учёный Джироламо был одержим идеей точного запечатления момента времени в картинке. Опытным путём Джироламо выяснил, что на сетчатке только что убитого человека отображается последний виденный им перед смертью образ, который после хирургического отделения сетчатки можно перенести на бумагу. Сам Джироламо назвал этот изуверский способ танатографией. Спустя несколько сотен лет в современном европейском институте кинематографии начинают происходить убийства, имеющие подозрительно много общего с танатографическими изысканиями Джироламо.",images/movies/изображение_смерти_вертикаль.webp,images/movies/изображение_смерти_горизонталь.webp,2009-01-01,0.0,4.8,5.5,97,18,27,"12,11,10","717,712,715,719,720,714,721,718,713,716",114,"22,3,21",1,"d4c72276-946f-4776-91f3-afed5d53df48,5018f760-a526-42ff-bf8e-47d439a48790,2ac96d6d-0fa8-40c4-bbb6-23f1339d3f1d","de14e808-7cfd-4b90-82f6-624664ed2e4b,d4c72276-946f-4776-91f3-afed5d53df48,c8850036-31f8-4063-8a21-5ee4764ccb8b,5018f760-a526-42ff-bf8e-47d439a48790",-
17,Кто там,Knock Knock,Архитектор не проходит проверку на верность и будет за это наказан. Триллер режиссера «Хостела» с Киану Ривзом,images/movies/кто_там_вертикаль.webp,images/movies/кто_там_горизонтальная.webp,2014-01-01,0.0,4.9,5.6,100,18,181,11,"117,106,122,119,118,115,121,116,120,124",18,1,1,"d4c72276-946f-4776-91f3-afed5d53df48,b53954b0-4332-4aeb-ab11-fcdcec07c046,92fb7fa2-b4a1-4ccb-a15a-e459a7b4e13c,5b95b64a-f72b-428a-87fe-2a49ac0ba12e","d4c72276-946f-4776-91f3-afed5d53df48,5b95b64a-f72b-428a-87fe-2a49ac0ba12e,58ed4fc8-ac3e-48b0-a3d1-f2a08b5156ae,53cb716d-3187-49ec-bc24-3623390d4c25",https://youtube.com/embed/ExugutRLwfI
124,На краю,The Ledge,Альпинистка спасается от убийц на склоне опасной скалы. Головокружительный триллер от продюсера «Эвереста»,images/movies/на_краю_вертикаль.webp,images/movies/на_краю_горизонталь.webp,2022-01-01,0.0,5.1,6.0,86,18,20,11,"788,785,784,789,790,786,787",120,6,1,"d4c72276-946f-4776-91f3-afed5d53df48,b53954b0-4332-4aeb-ab11-fcdcec07c046",d4c72276-946f-4776-91f3-afed5d53df48,https://youtube.com/embed/67NRMU26em8
15,Покер Фейс,Poker Face,"Покер — опасная игра. И часто от нее зависят человеческие жизни. На одну, казалось бы, дружескую партию Джейк собирает в своем особняке друзей детства, чтобы наконец воздать каждому по заслугам. Но ставки мгновенно возрастают, когда на дом эксцентричного миллиардера нападают неизвестные. Теперь на кону не только богатства, но и жизни.",images/movies/покер_фейс_вертикаль.webp,images/movies/покерфейс_горизонталь.webp,2022-01-01,0.0,5.1,5.5,95,18,256,"13,11,6","99,100,103,102,98,104,97,101",16,1,1,d4c72276-946f-4776-91f3-afed5d53df48,"d4c72276-946f-4776-91f3-afed5d53df48,53cb716d-3187-49ec-bc24-3623390d4c25,124dc59c-3133-45a2-99c6-820543bee419",https://youtube.com/embed/IhV8pKyk4Pc
114,Юленька,,"Андрей Белов переезжает с семьей из столицы в провинциальный город. Ради здоровья любимой он меняет работу университетского преподавателя на место классного руководителя в женской гимназии. Белов быстро понимает — с его классом что-то не так. За круговой порукой молчания скрывается странная и страшная тайна. Эти пятиклассницы не играют в куклы — они играют человеческими жизнями. Сигналом к действию для Андрея станет записка «Спасите нас!», найденная в школьном дневнике.
Постепенно жизнь Белова превращается в кошмар. Все его чувства, эмоции и поступки искажаются под призмой страха. Зло отравляет все его существование, медленно и изощренно отбирает все самое дорогое. И удастся ли ему выбраться из этого кошмара, зависит только от одной маленькой девочки. А она просто хочет, чтобы мама была счастлива.",images/movies/юленька_вертикаль.webp,images/movies/юленька_горизонталь.webp,2008-01-01,0.0,5.1,4.8,102,16,16,"11,10,9","700,697,696,693,701,695,692,694,698,699",111,2,1,"d4c72276-946f-4776-91f3-afed5d53df48,92fb7fa2-b4a1-4ccb-a15a-e459a7b4e13c","d4c72276-946f-4776-91f3-afed5d53df48,92fb7fa2-b4a1-4ccb-a15a-e459a7b4e13c,58ed4fc8-ac3e-48b0-a3d1-f2a08b5156ae",https://youtube.com/embed/hgddmx9vVq8
40,Элвин и бурундуки,Alvin and the Chipmunks,"Жизнь композитора была одной черной полосой до тех пор, пока он не встретил трех живых поющих бурундуков: лидера Элвина, гения Саймона и феерического Теодора. Поначалу они плохо уживаются вместе, но в конце концов Дэйв принимает бурундуков и даже становится менеджером их рок-группы, которая собирает стадионы поклонников.",images/movies/Элвин_и_бурундуки_вертикальная.webp,images/movies/Элвин_и_бурундуки_горизонтальная.webp,2007-12-13,0.0,5.2,6.2,87,6,378,"8,1","294,293,290,296,291,299,292,295,298,297",44,1,1,"d4c72276-946f-4776-91f3-afed5d53df48,2ac96d6d-0fa8-40c4-bbb6-23f1339d3f1d,1b8fd4c0-f30f-4dcd-952b-000431d86e0a,124dc59c-3133-45a2-99c6-820543bee419","d4c72276-946f-4776-91f3-afed5d53df48,c8850036-31f8-4063-8a21-5ee4764ccb8b,92fb7fa2-b4a1-4ccb-a15a-e459a7b4e13c,5b95b64a-f72b-428a-87fe-2a49ac0ba12e,53cb716d-3187-49ec-bc24-3623390d4c25",https://youtube.com/embed/n0PhbTNNB7k
134,Рубеж выживания,Last Sentinel,Дозорные заперты на военной базе в океане из-за таинственного исчезновения сменщиков. Триллер с Кейт Босворт,images/movies/рубеж_вертикаль_6.webp,images/movies/_7_11zon.webp,2023-01-01,0.0,5.4,5.0,117,18,10,"11,9,4","865,866,861,862,863,868,864,867",127,6,1,,,https://youtube.com/embed/9xQIxfprzEY
117,Эта замечательная загробная жизнь,It's a Wonderful Afterlife,"Типичная индуистская семья, проживающая в Англии. Мама, патриарх этой семьи, так хочет отдать свою страшненькую дочку за хорошего парня, что становится серийным убийцей. Проблема в том, что привидения убитых ею людей не могут покинуть этот мир, пока дочь ее остается незамужней.",images/movies/этазамечательнаязагробнаяжизнь_вертикаль.webp,images/movies/этазамеч_загроб_жизнь_вертикаль.webp,2009-01-01,0.0,5.4,5.7,95,12,12,"10,9,2,1","731,729,725,727,722,730,726,724,723,728",115,6,1,1b8fd4c0-f30f-4dcd-952b-000431d86e0a,,-
16,Глубокие воды,Deep Water,"На первый взгляд у Вика и Мелинды есть всё, о чём можно мечтать — очаровательная дочка, роскошный дом и успешные друзья. Но их брак превратился в порочную игру, где она намеренно не скрывает свои измены, а он прощает ей всё. Когда одного из её любовников находят мертвым, супругов все сильнее затягивают глубокие воды подозрений и лжи.",images/movies/глубокие_воды_вертикаль.webp,images/movies/глубокие_воды_горизонталь.webp,2022-01-01,0.0,5.5,5.7,115,18,219,"12,11,9","106,105,114,108,112,109,111,113,110,107",17,"11,1",1,2ac96d6d-0fa8-40c4-bbb6-23f1339d3f1d,58ed4fc8-ac3e-48b0-a3d1-f2a08b5156ae,https://youtube.com/embed/ZxqD1OgXllE
69,Король Радбод: последний викинг,Redbad,"История борьбы за власть и войны между фризским королём Радбодом и его заклятым врагом, майордомом франков Пипином.",images/movies/Король_Радбод_последний_викинг_вертикальная.webp,images/movies/Король_Радбод_последний_викинг_горизонтальная.webp,2018-01-01,0.0,5.5,6.4,160,18,21,"16,14","443,440,442,441,187",73,6,1,"b4399a0d-47b5-4fdf-8210-6bda5a678136,5018f760-a526-42ff-bf8e-47d439a48790",,https://www.youtube.com/embed/qIIGyZjBVIw?si=btEGaZiXNukQoNH5
33,Хроники Панголинов,The Secret Kingdom,"В один прекрасный день жизнь Верити и Питера переворачивается с ног на голову, когда пол в их комнате внезапно рушится, и они падают в подземный мир. Там они узнают, что с Питером связано таинственное предсказание. Только он сможет перезапустить время, спасти мир от существа, питающегося страхом и вернуться с сестрой домой.",images/movies/Хроники_панголинов_вертикальная.webp,images/movies/Хроники_панголинов_горизонтальная.webp,2022-01-01,0.0,5.5,6.9,99,12,261,"8,7","232,236,237,233,235",33,11,1,"5b95b64a-f72b-428a-87fe-2a49ac0ba12e,2ac96d6d-0fa8-40c4-bbb6-23f1339d3f1d,1b8fd4c0-f30f-4dcd-952b-000431d86e0a","c8850036-31f8-4063-8a21-5ee4764ccb8b,5b95b64a-f72b-428a-87fe-2a49ac0ba12e,1b8fd4c0-f30f-4dcd-952b-000431d86e0a,124dc59c-3133-45a2-99c6-820543bee419",https://youtube.com/embed/1VHHZeQCdZg
39,101 далматинец,101 Dalmatians,"Эта забавная история произошла в Англии на Рождество... Злодейка Круэлла Дэ Вил решает украсть ровно 101 далматинца, чтобы пополнить коллекцию своих меховых изделий. Однако она еще не представляет, что ее ждет, ведь хозяева и родители маленьких пятнистых щенков не будут сидеть сложа руки...",images/movies/101_долматинец_вертикальная.webp,images/movies/101_долматинец_гор.webp,1961-01-25,0.0,5.7,6.8,103,6,95,"13,8,7,1","281,282,283,286,41,289,285,287,284,288",43,"6,1",1,1b8fd4c0-f30f-4dcd-952b-000431d86e0a,1b8fd4c0-f30f-4dcd-952b-000431d86e0a,https://youtube.com/embed/VApVpvcGW1A
60,Бандитки,Bandidas,"Мексика, 1888 год. Две очаровательные налетчицы – образованная европейка и грубоватая мексиканка - наводят ужас на банки Дикого Запада. Никто не может противостоять их изобретательности и неустрашимости. И, тем более, никто не может устоять перед их красотой.",images/movies/Бандитки_вертикальная.webp,images/movies/Бандитки_горизонтальная.webp,2006-01-18,0.0,5.7,6.7,93,12,32,"17,13,6,1","404,405,401,402,403","65,66","16,1,5",1,"92fb7fa2-b4a1-4ccb-a15a-e459a7b4e13c,1b8fd4c0-f30f-4dcd-952b-000431d86e0a",58ed4fc8-ac3e-48b0-a3d1-f2a08b5156ae,https://www.youtube.com/embed/vpUcN3fVXeg?si=SOot5upRiyPHqc6W
38,Чебурашка,,"Иногда, чтобы вернуть солнце и улыбки в мир взрослых, нужен один маленький ушастый герой. Мохнатого непоседливого зверька из далекой апельсиновой страны ждут удивительные приключения в тихом приморском городке, где ему предстоит найти себе имя, друзей и дом.

Помогать — и мешать! — ему в этом будут нелюдимый старик-садовник, странная тетя-модница и ее капризная внучка, мальчик, который никак не начнет говорить, и его мама, которой приходится несладко, хотя она и варит самый вкусный на свете шоколад. И многие-многие другие, в чью жизнь вместе с ароматом апельсинов вот-вот ворвутся волшебство и приключения.",images/movies/Чебурашка_вертикальная.webp,images/movies/Чебурашка_горизонтальная.webp,2023-01-01,0.0,5.8,7.3,113,6,242,"8,1","277,280,276,279,272,273,271,275,278,274",42,2,1,"aa0fc7c7-9875-4aa2-98ab-410f68df2277,5018f760-a526-42ff-bf8e-47d439a48790,2ac96d6d-0fa8-40c4-bbb6-23f1339d3f1d,1b8fd4c0-f30f-4dcd-952b-000431d86e0a","aa0fc7c7-9875-4aa2-98ab-410f68df2277,124dc59c-3133-45a2-99c6-820543bee419",https://youtube.com/embed/x1qvJL7NF9s
50,Новая игрушка,The New Toy,"11-летний Александр привык, что любой его каприз исполняется. Тем труднее ему дается выбор подарка ко дню рождения. Из всех игрушек торгового центра, он выбирает задремавшего ночного сторожа Сами. Тот соглашается провести несколько дней в доме у мальчика, боясь увольнения. Однако Сами неожиданно быстро осваивается с новой ролью. И если поначалу Александр кажется ему холодным и избалованным, то позже он замечает, что мальчик просто очень одинок и нуждается в близком человеке рядом.",images/movies/Новая_игрушка_вертикальная.webp,images/movies/Новая_игрушка_горизонтальная.webp,2022-01-01,0.0,5.9,6.7,112,12,79,1,"359,360,357,356,358",55,5,1,1b8fd4c0-f30f-4dcd-952b-000431d86e0a,5b95b64a-f72b-428a-87fe-2a49ac0ba12e,https://youtube.com/embed/zyF9f8Vg1ck
142,Флирт с дьяволом,Shattered,"Богатый и разведенный Крис влюбляется в таинственную женщину по имени Скай. Вскоре после этого он, его бывшая жена и их ребёнок оказываются в ловушке — им предстоит отчаянная борьба за выживание.",images/movies/флирт_с_дьяволом_вертикаль.webp,images/movies/флирт_с_дьяволом_горизонталь.webp,2021-01-01,0.0,6.0,5.0,91,18,3,11,"930,929,228,931,923,925,927,926,924,928",135,"12,1,19",1,,,https://youtube.com/embed/OwUncUM-Kvg
123,Костяной домик,Little Bone Lodge,"Женщина с дочерью-подростком и парализованным мужем тихо живёт на отдалённой ферме, пока одной ненастной ночью ей не приходится помочь раненому в автоаварии незнакомцу, которого притащил к её дому его младший брат. События принимают крутой поворот, когда выясняется, что братья — разыскиваемые преступники, и самой хозяйке дома есть, что скрывать.",images/movies/костяной_домки_вертикаль.webp,images/movies/костяной_домик_горизонталь.webp,2023-01-01,0.0,6.1,5.7,95,18,23,"13,11","777,781,41,780,782,775,778,776,783,779",119,6,1,a299ad6b-fa37-413b-8cb8-fad5051689de,a299ad6b-fa37-413b-8cb8-fad5051689de,https://youtube.com/embed/OZdtupMIG1k
49,Очень плохие мамочки,Bad Moms,"Идеальная мать, прекрасная жена, хорошая домохозяйка с успешной карьерой… Но стоит немного расслабиться, как тебе сразу напоминают о твоих обязанностях. Почему только мужчины имеют право развлекаться? Сколько же можно это терпеть?! Пора команде отчаянных мамочек пуститься во все тяжкие.",images/movies/Очень_плохие_мамочки_вертикальная.webp,images/movies/Очень_плохие_мамочки_горизонтальная.webp,2016-01-01,0.0,6.2,6.3,100,18,46,1,"355,353,354,352,351","53,54","4,1",1,1b8fd4c0-f30f-4dcd-952b-000431d86e0a,,https://youtube.com/embed/eTCKqftjp14
107,Майор Гром: Чумной доктор,,"Честный полицейский ловит мстителя в маске, убивающего коррупционеров. Супергеройское кино по комиксу Bubble",images/movies/майор_гром_вертикаль.webp,images/movies/майор_гром_горизонталь.webp,2021-01-01,0.0,6.3,7.2,136,12,20,"13,12,6,1","632,631,638,634,630,635,637,633,629,636",104,2,1,1b8fd4c0-f30f-4dcd-952b-000431d86e0a,,https://youtube.com/embed/aUi6fQRUP1o
41,Алиса в Стране чудес,Alice in Wonderland,"Жизнь 19-летней Алисы Кингсли принимает неожиданный оборот. На викторианской вечеринке, устроенной в её честь, Алисе делает предложение Хэмиш, богатый, но глупый сын лорда и леди Эскот. Не дав ответа, девушка убегает и идёт за кроликом, замеченным ею на лужайке. Кролик как кролик, вот только он одет в камзол и всё время смотрит на карманные часы.

Алиса гонится за Белым Кроликом через весь луг и видит, как он исчезает в кроличьей норе. Затем, неожиданно, Алиса падает туда сама, летит вниз по странному, сказочному туннелю и приземляется в круглом зале со множеством дверей. Выпив из бутылки с надписью «ВЫПЕЙ МЕНЯ», она уменьшается в размерах, а откусив от пирожного с надписью «СЪЕШЬ МЕНЯ» — вырастает. Наконец, миновав череду злоключений, Алиса попадает через одну из дверей в чудесный фантастический мир, который его обитатели называют Подземной страной.

Там её ждёт целый парад колоритных персонажей: хвастливая Соня, сумасшедший Шляпник, глумливый Чеширский Кот, накурившаяся кальяном гусеница по имени Абессалом, жутковатая Белая Королева и её злобная сестра, Королева Червей, вздорная и раздражительная правительница Подземной страны.",images/movies/Алиса_в_стране_чудес_вертикальная_копия.jpg,images/movies/Алиса_в_стране_чудес_горизонтальная.webp,2010-02-25,0.0,6.4,7.1,108,12,373,"12,8,7,5","305,306,215,301,303,300,302,304,136,29",45,1,1,"92fb7fa2-b4a1-4ccb-a15a-e459a7b4e13c,5b95b64a-f72b-428a-87fe-2a49ac0ba12e","92fb7fa2-b4a1-4ccb-a15a-e459a7b4e13c,5b95b64a-f72b-428a-87fe-2a49ac0ba12e",https://youtube.com/embed/WqMg6Y1XBWk
61,Одинокий рейнджер,The Lone Ranger,"История блюстителя закона Джона Рида, который с помощью индейца Тонто стал легендарным мстителем в маске, стоящим на защите справедливости. Тонто с юмором и небылицами повествует о тех приключениях, которые пришлось пережить двум непохожим друг на друга героям, сведенным судьбой для того, чтобы вместе сражаться против общего врага. Им приходится противостоять жадности и коррупции во времена, когда появление первых железных дорог изменило представление о власти и могуществе в мире.",images/movies/Одинокий_рейнджер_горизонтальная.webp,images/movies/Одинокий_рейнджер_горизонтальная_HDonHrH.webp,2013-06-22,0.0,6.4,6.8,149,12,27,"17,7,6,1","406,215,409,407,408",30,1,1,"92fb7fa2-b4a1-4ccb-a15a-e459a7b4e13c,58ed4fc8-ac3e-48b0-a3d1-f2a08b5156ae,1b8fd4c0-f30f-4dcd-952b-000431d86e0a",2001a046-092e-4cbf-a95d-2360ee0d63a0,https://www.youtube.com/embed/9AQh1-fezzk?si=9DKB85Gx89Lt1khk
59,Быстрый и мертвый,The Quick and the Dead,"Пустыня, и посреди нее - маленький грязный городок. Здесь только женщины и больные не носят кобуры на поясе. В городе хозяйничает Джон Ирод - жестокий и хладнокровный человек. Все его боятся, и каждая собака его знает. Если он разрешил тебе - ты можешь жить.",images/movies/Быстрый_и_мертвый_вертикальная.webp,images/movies/Быстрый_и_мертвый_горизонтальная.webp,1995-02-10,0.0,6.5,7.3,108,16,9,"17,11,6","399,125,97,400,397",64,"1,7",1,,,https://www.youtube.com/embed/HovvTucruR0?si=O7V8OI8G1hjrvBss
136,Капитан Марвел,Captain Marvel,"После столкновения с враждующими инопланетными расами пилот военно-воздушных сил Кэрол Дэнверс обретает суперсилу и становится неуязвимой. Ей предстоит совладать со своими новыми способностями, чтобы противостоять могущественному врагу.",images/movies/капитан_марвел_вертикаль_25.webp,images/movies/капитан_марвел_горизонталь_26.webp,2019-01-01,0.0,6.5,6.8,123,16,15,"7,6,4","876,469,875,880,877,332,881,879,878,90","129,130","11,1",1,,,https://youtube.com/embed/2eaZUwBWJLM
104,Мистер и Миссис Смит,Mr. & Mrs. Smith,"Джон и Джейн Смит – молодая супружеская пара, ведущая мирную жизнь в пригороде. Они не так уж давно женаты, но брак уже успел им надоесть: оба хороши собой, у обоих скучная работа, и кажется, что ничего интересного в их совместной жизни не будет. Только вот и у мистера, и у миссис Смит есть по важному секрету, тщательно скрываемому от супруга. Дело в том, что оба они – высококлассные наемные убийцы, причем работают в конкурирующих организациях. 

И однажды им заказывают друг друга. Для профессионального убийцы нет слишком сложных заказов, так что супруги, возмущенные тем, как ловко их обманывали, вдохновенно подходят к заданию и начинают охоту друг на другу. И с удивлением понимают, что равны в своем мастерстве. Что может оживить супружескую жизнь лучше, чем попытки друг друга убить? Похоже, ничего. Так ли сильно мистер и его миссис хотят выполнить задание, или все-таки есть способ найти общий язык и отыскать такой выход из ситуации, который устроит обе стороны?",images/movies/мистер_и_миссис_смит_вертикаль.webp,images/movies/мистер_и_миссис_Смит_горизонталь.webp,2005-01-01,0.0,6.5,7.5,120,16,22,"13,11,6,1","607,605,135,606,375,608,609,611,610,612",101,1,1,1b8fd4c0-f30f-4dcd-952b-000431d86e0a,,https://youtube.com/embed/l6T8_GCz2lE
111,Сайлент Хилл,Silent Hill,"Доктора не могут найти лекарство от таинственного заболевания Шэрон, но её мать Роуз отказывается отдавать ребёнка в психиатрическую лечебницу. Вместе с дочерью она отправляется в Сайлент Хилл - город, название которого Шэрон постоянно твердит во сне. Роуз убеждена, что именно здесь она найдёт ответы, в которых так нуждается.",images/movies/сайлент_хилл_вертикаль.webp,images/movies/сайлентхилл_горизонталь.webp,2006-01-01,0.0,6.5,7.2,125,18,11,"12,10","669,667,670,673,668,666,674,671,616,672",107,"8,1,5,7",1,,,https://youtube.com/embed/7C6du2wl98A
32,Человек в железной маске,The Man in the Iron Mask,"Во времена блеска и отчаяния измученной Франции король Людовик XIV вовсю наслаждается прелестями жизни, пока вся его страна голодает. Людовик, уверенный в абсолютности собственной власти, опасается лишь одного человека, способного положить конец его царствованию, - приговоренного им к пожизненному заключению и закованного в железную маску.
Но когда королевский эгоизм заходит слишком далеко, бывшие мушкетеры Атос, Портос и Арамис отваживаются спасти таинственного узника, который может стать единственной надеждой Франции на возрождение. Остается лишь вопрос: поможет ли им верный друг, славный д'Артаньян, - или будет драться против?",images/movies/человек_в_железной_маске_вертикальная.webp,images/movies/человек_в_железной_маске_горизонтальная.webp,1998-01-01,0.0,6.5,7.3,132,16,177,"16,9,7,6","231,230,227,228,229,125",32,"1,5",1,"5018f760-a526-42ff-bf8e-47d439a48790,2ac96d6d-0fa8-40c4-bbb6-23f1339d3f1d","c8850036-31f8-4063-8a21-5ee4764ccb8b,4a01ed61-cf28-4ec2-aa18-a97a2462bd74",https://youtube.com/embed/b_XrU9gYYo8
109,Обитель Зла,Resident Evil,Девушка с амнезией крошит армию зомби и ищет источник вируса. Хоррор с Милой Йовович по хитовой видеоигре,images/movies/обитель_зла_вертикаль.webp,images/movies/обитель_зла_горизонталь.webp,2002-01-01,0.0,6.6,7.6,100,18,10,"10,6,4","656,650,655,652,651,647,648,654,653,649",10,"12,1",1,,,https://youtube.com/embed/1M_WWja0lJQ
8,Сквозь горизонт,Event Horizon,"2047 год. Спасательный космический корабль послан к границе Солнечной системы с целью выяснить, что произошло с экипажем первого звездолета, созданного для путешествий со сверхсветовой скоростью и бесследно пропавшего. Внезапно он был обнаружен возле планеты Нептун.",images/movies/Сквозь_горизонт_вертикальная.webp,images/movies/Сквозь_горизонт_гориз.webp,1997-08-15,0.0,6.6,6.9,96,18,117,"12,11,10,4","41,40,38,42,39",10,"6,1",1,"3650935b-b38b-48c5-80bb-45dfc4757ffe,2ac96d6d-0fa8-40c4-bbb6-23f1339d3f1d",3650935b-b38b-48c5-80bb-45dfc4757ffe,https://www.youtube.com/embed/2nlkEY-3CMI
127,Стекло,Glass,"В поисках встречи с обладающим фантастическими способностями и снова убивающим девушек Зверем Дэвид Данн выходит на след Кевина Крамба. Но решающая схватка не успевает состояться, наших героев ловят и отправляют в психиатрическую больницу. Там уже содержится хрупкий человек Элайджа Прайс, много лет назад устроивший крушение поезда, единственным выжившим в котором оказался Дэвид. Психиатр Элли Стэйпл пытается убедить этих трёх пациентов, что они не обладают сверхспособностями, и всему можно найти рациональное объяснение.",images/movies/стекло_вертикаль.webp,images/movies/стекло_горизонталь.webp,2019-01-01,0.0,6.6,6.6,129,16,9,"11,10,9,4","813,14,496,800,812,814,809,810,90,811",94,"23,1",1,,,https://youtube.com/embed/Wm6sabbVm0I
31,Восточный ветер,Ostwind,"Из-за плохой успеваемости родители отправляют 14-летнюю Мику в поместье к строгой бабушке. Поездка преподносит один сюрприз за другим: оказывается, бабушка, Мария Кальтенбах – знаменитая всадница в прошлом, которая теперь тренирует молодые таланты и разводит лошадей. Несмотря на то, что сама Мика ни разу в жизни не ездила верхом, да и не горит желанием научиться, один из обитателей конюшни - вороной жеребец по имени Оствинд неожиданно привлекает её внимание. Девушка легко находит с ним общий язык, даже не подозревая о том, что все вокруг считают коня диким и опасным. Так начинается их необыкновенная дружба.",images/movies/Восточны_ветер_вертикальная.webp,images/movies/Восточный_ветер_горизонтальная.webp,2013-01-01,0.0,6.7,8.2,106,12,33,"9,8,7","223,222,225,224,221,226",31,12,1,,,https://youtube.com/embed/KDEcbzVk190
14,1408,1408,"Известный писатель Майк Энслин, автор хоррор-романов, пишет очередную книгу о необычных явлениях и полтергейсте в отелях. Не веря в существование загробной жизни, Энслин решает поселиться в печально известном номере 1408 отеля «Дельфин», который пустует многие годы - по слухам, там обитают привидения. Невзирая на предупреждение менеджера отеля, упрямец настаивает на своём, даже не предполагая, каким кошмаром обернется предстоящая ночь.",images/movies/1408_вертикаль.webp,images/movies/1408горизонталь.webp,2007-01-01,0.0,6.8,7.7,104,16,22,"11,10","92,87,89,95,94,88,96,90,91,93",15,1,1,2ac96d6d-0fa8-40c4-bbb6-23f1339d3f1d,,https://youtube.com/embed/1xWDRFFWTYU
11,Астрал,Insidious,"Джош и Рене переезжают с детьми в новый дом, но не успевают толком распаковать вещи, как начинаются странные события. Необъяснимо перемещаются предметы, в детской звучат странные звуки… Но настоящий кошмар начинается для родителей, когда их десятилетний сын Далтон впадает в кому. Все усилия врачей в больнице помочь мальчику безуспешны.
Несколько месяцев спустя его возвращают домой, где за несчастным ребенком ухаживают мать и сиделка. Но загадочные явления в доме продолжаются. Отчаявшиеся родители готовы обратиться за помощью к кому угодно, и вскоре выясняется, что Далтон в бессознательном состоянии связан с паранормальным миром.",images/movies/астрал_вертикаль.webp,images/movies/астрал_горизонталь.webp,2010-01-01,0.0,6.8,6.8,103,16,44,10,"63,65,61,60,49,58,59,66,62,64",12,1,1,2ac96d6d-0fa8-40c4-bbb6-23f1339d3f1d,,https://youtube.com/embed/bWzy1EOMC2g
62,Битва при Лонгтане,Danger Close: The Battle of Long Tan,Война во Вьетнаме. Рота в основном неопытных австралийских и новозеландских солдат встречается в битве при Лонгтане с превосходящими силами Вьетконга.,images/movies/Битва_при_Лонгтане_вертикальная.webp,images/movies/Битва_при_Лонгтане_горизонтальная.webp,2019-01-01,0.0,6.8,6.6,118,18,12,"16,9,6","413,412,411,410,414",67,11,1,5018f760-a526-42ff-bf8e-47d439a48790,4a01ed61-cf28-4ec2-aa18-a97a2462bd74,https://www.youtube.com/embed/puGmsbIHxaM?si=W0vz0L1QSqGFQNfC
64,Мастер меча,Geomgaek,"Чосон, 1623 год. После свержения монарха Кванхэ-гуна страна погружается в хаос. Через несколько лет солдаты империи Цин забирают крестьян на чужой территории в рабы, их предводитель ищет достойного соперника для поединка на мечах, а простая девушка пытается найти лекарство для слепнущего отца.",images/movies/Мастер_меча_вертикальная.webp,images/movies/Мастер_меча_горизонтальная.webp,2020-01-01,0.0,6.8,7.5,100,18,10,"16,6","422,421,424,420,423",69,10,1,,,https://www.youtube.com/embed/xGx6cctM1_U?si=QXjXqVkH-d6586uZ
145,Обитель проклятых,Stonehearst Asylum,"Англия, 1899 год. Молодой выпускник Оксфорда доктор Эдвард Ньюгэйт прибывает на работу в отдалённую психиатрическую клинику. Его внимание сразу привлекает красивая пациентка миссис Грэйвс, страдающая истерией и оказавшаяся здесь за нападение на истязавшего её мужа. Главврач мистер Лэмб применяет странные на взгляд официальной медицины методы лечения: потакает больным в их иллюзиях и даёт свободу передвижения. Но вскоре Эдварду предстоит узнать, что это далеко не самое необычное, что таится в стенах больницы.",images/movies/обитель_проклятых_вертикаль_39.webp,images/movies/_40_11zon.webp,2014-01-01,0.0,6.8,7.2,112,18,4,"11,9","127,419,950,732,894,827,32,951,952,953",138,1,1,,,https://youtube.com/embed/v52_gq3XA38
42,Принц пустыни,"Zodi & Tehu, frères du désert","2-летний Зоди живет в пустыне со своим племенем, дружит с ветеринаром Джулией и не очень любит ходить в школу. Жизнь мальчика переворачивается с ног на голову, когда он обнаруживает осиротевшего верблюжонка. Так зарождается удивительная дружба, которая быстро оказывается под угрозой: местный браконьер Тарек жаждет заработать на молодом верблюде, ведь тот оказался исключительным бегуном и может выиграть не одно соревнование.

Чтобы уберечь четвероногого друга, Зоди отправляется в опасное путешествие через всю Сахару. Их ждет множество опасностей — стычки с бандитами, песчаные бури и соленое море — и большая цель на горизонте: стать участниками легендарной верблюжьей гонки в Абу-Даби.",images/movies/Принц_пустыни_вертикальная.webp,images/movies/Принц_пустыни_горизонтальная.webp,2023-02-08,0.0,6.8,7.9,105,12,257,"8,7","308,313,315,311,310,312,314,316,309,307",46,5,1,"92fb7fa2-b4a1-4ccb-a15a-e459a7b4e13c,53cb716d-3187-49ec-bc24-3623390d4c25,5018f760-a526-42ff-bf8e-47d439a48790,2ac96d6d-0fa8-40c4-bbb6-23f1339d3f1d","c8850036-31f8-4063-8a21-5ee4764ccb8b,92fb7fa2-b4a1-4ccb-a15a-e459a7b4e13c,5b95b64a-f72b-428a-87fe-2a49ac0ba12e",https://youtube.com/embed/WgQc0DbqL7k
144,Форсаж,The Fast and the Furious,"Его зовут Брайан, и он — фанат турбин и нитроускорителей. Он пытается попасть в автобанду легендарного Доминика Торетто, чемпиона опасных и незаконных уличных гонок. Брайан также полицейский, и его задание — втереться в доверие к Торетто, подозреваемому в причастности к дерзким грабежам грузовиков, совершаемым прямо на ходу.",images/movies/форсаж_вертикаль.webp,images/movies/форсаж_горизонталь.webp,2001-01-01,0.0,6.8,7.8,106,16,7,"13,11,6","942,947,943,648,944,941,945,948,949,946",137,"12,1",1,,,https://youtube.com/embed/8QyEruRwNeo
71,12 могучих сирот,12 Mighty Orphans,"Ветеран Первой мировой войны Расти Рассел решает стать тренером футбольной команды и для этого возвращается в приют, где мать оставила его ещё ребёнком.",images/movies/12_могучих_сирот_вертикальная.webp,images/movies/12_могучих_сирот_горизонтальная.webp,2021-01-01,0.0,6.9,6.9,118,18,11,16,"452,449,450,451,453",75,1,1,2ac96d6d-0fa8-40c4-bbb6-23f1339d3f1d,,https://www.youtube.com/embed/imBgCV_bkCc?si=k44cl9Yc6g0NbxFS
58,Великолепная семёрка,The Magnificent Seven,"Этот римейк классического фильма рассказывает о семи наёмных бойцах, которые приходят на помощь жителям маленького городка, защищая их от банды беспощадных разбойников. Сражение за справедливость и свободу становится центральной темой фильма.",images/movies/Великолепная_семерка_вертикальная.webp,images/movies/Великолепная_семерка_горизонтальная.webp,2016-09-08,0.0,6.9,6.8,132,16,15,"17,7,6","395,393,394,12,396",63,"11,1",1,58ed4fc8-ac3e-48b0-a3d1-f2a08b5156ae,124dc59c-3133-45a2-99c6-820543bee419,https://www.youtube.com/embed/yF5BR_bOP6w?si=AQul1vLNliHUUxV4
143,Дьявол носит Prada,The Devil Wears Prada,"Мечтающая стать журналисткой провинциальная девушка Энди по окончании университета получает должность помощницы всесильной Миранды Пристли, деспотичного редактора одного из крупнейших нью-йоркских журналов мод. Энди всегда мечтала о такой работе, не зная, с каким нервным напряжением это будет связано…",images/movies/дьявол_носит_прада_вертикаль_11.webp,images/movies/дьявол_носит_прада_горизонталь_12.webp,2006-01-01,0.0,6.9,7.7,109,16,14,"9,1","940,939,932,938,935,934,937,936,933,29",136,"1,5",1,2ac96d6d-0fa8-40c4-bbb6-23f1339d3f1d,2ac96d6d-0fa8-40c4-bbb6-23f1339d3f1d,https://youtube.com/embed/byudyLwXcN8
48,Зачетный препод,Suck Me Shakespeer,"Незадачливый грабитель банков Зеки Мюллер после тринадцати месяцев отсидки выходит из тюрьмы. Он отправляется на поиски награбленной добычи, которая была спрятана на стройке. Вместе с подружкой они думали, что там идёт всего-навсего прокладка труб. Каково же удивление горе-грабителя, когда он обнаруживает на нужном месте новенький школьный спортзал! Чтобы добраться до награбленного, Зеки пытается устроиться на место школьного сторожа. Но в результате лёгкого недопонимания вместо этого его берут в качестве учителя на замену. Ему достаётся самый буйный и ненормальный класс во всей школе — 10 «Б». Используя несколько необычные методы, бывший грабитель неожиданно находит общий язык с учениками. Одновременно с этим по ночам он пытается добраться до спрятанной добычи и влюбляется в коллегу-учительницу Лиси.",images/movies/Зачётный_препод_вертикальная.webp,images/movies/Зачётный_препод_горизонтальная.webp,2013-01-01,0.0,6.9,7.1,119,18,21,1,"349,350,346,347,345,348",52,12,1,"2ac96d6d-0fa8-40c4-bbb6-23f1339d3f1d,1b8fd4c0-f30f-4dcd-952b-000431d86e0a",,https://youtube.com/embed/bqNso6nsRSE
46,Отпуск по обмену,The Holiday,"Айрис Симпкинс, автор популярной свадебной колонки в лондонской «Daily Telegraph», живет в очаровательном коттедже в английской провинции. Она влюблена в мужчину, который любит другую. Далеко от нее в Южной Калифорнии живет Аманда Вудс, владелица процветающего рекламного агентства, занимающегося созданием роликов для фильмов. Она вдруг обнаруживает, что любимый человек ей изменяет.
Две незнакомые друг с другом женщины, живущие на расстоянии 10 000 километров друг от друга, оказываются в схожей ситуации. И они находят друг друга. В Интернете, на сайте обмена жильем на время отпуска. Перед Рождеством Айрис и Аманда решают отдохнуть от своих проблем, договорившись поменяться континентами и пожить друг у друга в течение двух недель. Айрис переезжает в дом Аманды в солнечной Калифорнии, а Аманда приезжает в засыпанную снегом английскую провинцию…",images/movies/Отпуск_по_обмену_вертикальная.webp,images/movies/Отпуск_по_обмену_горизонтальная.webp,2006-12-07,0.0,6.9,7.8,136,18,30,"2,1","333,332,334,318,331",50,1,1,"f740d32e-cf84-4114-a283-d066f94fe450,2ac96d6d-0fa8-40c4-bbb6-23f1339d3f1d,1b8fd4c0-f30f-4dcd-952b-000431d86e0a",124dc59c-3133-45a2-99c6-820543bee419,https://www.youtube.com/embed/wk9caHO3pW0
96,8 женщин,8 Women,"Занесённая снегом французская глубинка. В поместье собирается семья для встречи Рождества. Но праздник не состоится. Хозяин дома убит. 8 женщин, близких хозяину дома, начинают расследование.
Каждая из них под подозрением. У каждой есть мотив для убийства. День расследования открывает многие семейные тайны, которые были под семью замками.",images/movies/8_женщин_вертикальная.webp,images/movies/8_женщин_горизонтальная.webp,2002-01-08,0.0,7.0,7.6,110,18,7,"13,12,9,1","549,550,552,551,553",96,5,1,1b8fd4c0-f30f-4dcd-952b-000431d86e0a,,https://www.youtube.com/embed/vXXXdTI-vCU
131,Дрянные девченки,Mean Girls,"Проведя детство в Африке с родителями-зоологами, Кэйди Хэрон думала, что знает всё про правило «выживает сильнейший». Но закон джунглей полностью пересматривается, когда домашняя 15-летняя девушка в первый раз попадает в обычную школу и влюбляется в бывшего парня самой подлой девчонки в школе.",images/movies/дрянные_двеченки_вертикаль_9.webp,images/movies/дрянные_девченки_горизонт_10.webp,2004-01-01,0.0,7.0,7.1,97,16,4,1,"839,842,843,837,836,838,579,841,840,844",124,"8,1",1,,,https://youtube.com/embed/9b0KoY6h590
1,Отличница легкого поведения,Easy A,Над старшеклассницей Олив насмехаются из-за слуха о потере ею невинности в школе с пуританскими нравами. Но она превращает этот слух в достоинство и становится популярной.,images/movies/Отличница_легкого_поведения_вертикальная.webp,images/movies/Отличница_легкого_поведения_горизонтальная.webp,2010-01-01,0.0,7.0,6.9,92,18,36,"2,1","341,342,344,340,343,1",1,1,1,"58ed4fc8-ac3e-48b0-a3d1-f2a08b5156ae,1b8fd4c0-f30f-4dcd-952b-000431d86e0a",,https://youtube.com/embed/qMnaTWNzlRQ
7,Прометей,Prometheus,"В поисках сакрального знания группа ученых отправляется в самые темные и неизведанные чертоги вселенной. Именно там, в отдаленных мирах, находясь на пределе своих умственных и физических возможностей, им предстоит вступить в безжалостную схватку за будущее всего человечества.",images/movies/Прометеи_вертикальная.webp,images/movies/Прометеи_горизонтальная.webp,2012-05-31,0.0,7.0,7.0,124,16,45,"10,4","37,36,34,33,35",9,"6,1",1,"58ed4fc8-ac3e-48b0-a3d1-f2a08b5156ae,3650935b-b38b-48c5-80bb-45dfc4757ffe,2ac96d6d-0fa8-40c4-bbb6-23f1339d3f1d",c8850036-31f8-4063-8a21-5ee4764ccb8b,https://www.youtube.com/embed/yA6OKoW30Pk
102,Такси,Taxi,Дуэт инспектора полиции и таксиста-лихача — против грабителей банков. Начало знаменитой франшизы Люка Бессона,images/movies/такси_горизонталь.webp,images/movies/такси_горионталь.webp,1998-01-01,0.0,7.0,7.9,86,18,8,"13,6,1","592,595,596,593,590,597,588,589,594,591",99,5,1,1b8fd4c0-f30f-4dcd-952b-000431d86e0a,,https://youtube.com/embed/U0fFQeV3LTE
4,Братья Супер Марио в кино,The Super Mario Bros. Movie,"Братья-водопроводчики Марио и Луиджи открывают портал в подземный город, из которого должны вызволить пленённую принцессу Пич и сразиться с заклятым врагом Боузером.",images/movies/Марио_вертикальная.webp,images/movies/Марио_горизонтальная.webp,2023-04-01,0.0,7.1,7.0,92,0,428,"7,5,3,1","14,15,20,16,12",6,"1,7",1,"c8850036-31f8-4063-8a21-5ee4764ccb8b,92fb7fa2-b4a1-4ccb-a15a-e459a7b4e13c,5018f760-a526-42ff-bf8e-47d439a48790,2ac96d6d-0fa8-40c4-bbb6-23f1339d3f1d,1b8fd4c0-f30f-4dcd-952b-000431d86e0a","92fb7fa2-b4a1-4ccb-a15a-e459a7b4e13c,53bba5e3-97ec-4a5c-a0e8-96d14341b126",https://youtube.com/embed/DurflEd-1tE
91,Возвращение кота,The Cat Returns,"В разгар дня на оживленной улице юная Хару храбро выхватывает из-под колес грузовика очаровательного кота. К ее великому удивлению, кот встает на задние лапы и благодарит Хару на человеческом языке. Оказывается, перед ней принц загадочного Кошачьего царства, и теперь Кошачий царь хочет женить его на отважной спасительнице.
Вскоре он похищает Хару, которая вовсе не желает быть кошачьей принцессой, и только верные усатые и хвостатые друзья - толстый бродяга Мьюта и великолепный Барон - смогут вызволить её из кошачьего плена.",images/movies/Возвращение_кота_вертикальная.webp,images/movies/Возвращение_кота_горизонтальная_2.webp,2002-07-20,0.0,7.1,7.9,75,12,18,"3,5,7,8,15","529,530,531,528,532",92,7,1,,,https://youtube.com/embed/Gp-H_YOcYTM
98,Гнев человеческий,Wrath of Man,"Хмурый мужчина прикидывается инкассатором, чтобы выйти на грабителей. Гай Ричи и Джейсон Стэйтем снова вместе",images/movies/гнев_человеческий_вертикаль.webp,images/movies/гнев_человечекий_вертикаль.webp,2021-04-22,0.0,7.1,7.6,118,18,28,"11,6","506,555,557,556,558,559,554,139",83,"6,1",1,124dc59c-3133-45a2-99c6-820543bee419,,https://youtube.com/embed/YLw55x-zOSo
148,Зверопой,Sing,"В мире, который населяют звери, коала по имени Бастер Мун изо всех сил пытается предотвратить закрытие своего театра. В итоге Бастер и его друг баран Эдди устраивают конкурс певцов, предлагая принять участие каждому жителю города.",images/movies/_19_11zon.webp,images/movies/зверопой_горизонталь_20.webp,2016-01-01,0.0,7.1,7.4,108,6,5,"8,3,1","975,973,974,961,28,481,970,761,972,971","139,140","1,5,7",1,,,https://youtube.com/embed/-jzTAt9Gi_8
45,Красотка,Pretty Woman,"Финансовый магнат Эдвард Льюис, проезжая по ночному городу, останавливается около красивой женщины. Ее зовут Вивьен и она берет только наличными. Наутро он понимает, что не хочет расставаться с ней и предлагает девушке остаться в его номере в отеле еще на некоторое время - за дополнительный гонорар.",images/movies/Красотка_вертикальная.webp,images/movies/Красотка_горизонтальная.webp,1992-05-04,0.0,7.1,8.0,115,16,29,"2,1","329,327,330,328,326",49,1,1,"1b8fd4c0-f30f-4dcd-952b-000431d86e0a,124dc59c-3133-45a2-99c6-820543bee419",,https://www.youtube.com/embed/2EBAVoN8L_U
30,Пираты Карибского моря: На краю света,Pirates of the Caribbean: At World's End,"Новые приключения Джека Воробья и его друзей Уилла Тернера и Элизабет Суонн. На этот раз Уиллу и Элизабет придется объединиться с самим Капитаном Барбоссой для того, чтобы отправиться на край света и спасти своего друга — Джека. Ситуация осложняется тем, что Элизабет попадает к сингапурским пиратам…",images/movies/Пираты_Карибского_моря_на_краю_света_вертикальная.webp,images/movies/Пираты_карибсткого_моря_гор.webp,2007-01-01,0.0,7.1,8.1,169,12,28,"7,6,5","220,216,215,218,217,219",30,1,1,124dc59c-3133-45a2-99c6-820543bee419,,https://youtube.com/embed/TV0j8S7JUpA
65,Сила воли,Race,"История легендарного чернокожего атлета Джесси Оуэнса, чье невероятное упорство привело его на Олимпийские игры 1936 года в нацистском Берлине. Встретившиеся на его пути преграды и искушения — ничто в сравнении с грандиозным забегом, за которым следил весь мир. Затаив дыхание, одни надеялись на победу Джесси как на символ справедливости и достоинства, а другие жаждали его поражения во имя триумфа идеологии. Несколько секунд — и Джесси ворвался в историю, бросив дерзкий вызов самому Гитлеру.",images/movies/Сила_воли_вертикальная.webp,images/movies/Сила_воли_горизонтальная.webp,2016-01-01,0.0,7.1,7.4,134,12,8,"16,14,9","426,429,425,428,427",70,"12,8,5",1,4a01ed61-cf28-4ec2-aa18-a97a2462bd74,,https://www.youtube.com/embed/RFPBrbmcbaE?si=ajWFpCk4EHS92kCi
47,"Знакомьтесь, Джо Блэк",Meet Joe Black,"В жизни богатого и влиятельного газетного магната Уильяма Пэрриша появляется сама Смерть, принявшая обличье обворожительного молодого человека по имени Джо Блэк.
Смерть, уставшая от своих привычных обязанностей,предлагает Пэрришу необычное соглашение: магнат станет проводником Джо в мире живых, где тот планирует провести свой отпуск. По окончании каникул Смерть заберет Пэрриша с собой. С помощью Уильяма, загадочный и эксцентричный Джо начинает свое путешествие по бренной Земле.
Но происходит непредвиденное. Оказывается, что тело погибшего мужчины, которое Смерть выбрала для себя, принадлежало юноше, в которого была влюблена дочь Пэрриша.",images/movies/Знакомьтесь_джо_блек_вертикальная.webp,images/movies/Знакомьтесь_джо_блек_горизонтальная.webp,1998-11-02,0.0,7.2,8.1,178,12,25,"9,5,2","135,338,337,339,336",51,1,1,2ac96d6d-0fa8-40c4-bbb6-23f1339d3f1d,,https://www.youtube.com/embed/_zIOjl93WrU
151,Я-Легенда,I Am Legend,"Неизвестный вирус унёс жизни половины населения земного шара, а остальную половину превратил в вампиров. Единственный уцелевший человек с иммунитетом к заболеванию ночами держит осаду упырей, а днем пытается найти противоядие и докопаться до причин эпидемии.",images/movies/я_легенда_вертикаль.webp,images/movies/я_легенда_горизонт.webp,2007-01-01,0.0,7.2,7.9,96,16,7,"11,10,9,6,4","1002,994,998,1001,1000,996,883,997,995,999",143,1,1,,,https://youtube.com/embed/FZSCXDpI2uQ
150,Барби,Barbie,"Самая обыкновенная стереотипная Барби живёт в великолепном розовом Барбиленде, и каждый её день идеален. Она меняет наряды, загорает на пляже, проводит время с другими Барби, день заканчивается шумной вечеринкой с танцами, и в этой позитивной кутерьме с блёстками влюблённый Кен — всего лишь приложение к Барби. Однажды куклу вдруг посещают мысли о смерти, и её сделанные под туфли с каблуками ноги вдруг становятся плоскими. Чтобы разобраться в происходящем и вернуть привычный пластмассовый мир, Барби придётся отправиться в мир реальный и найти там девочку, которая с ней играет. За ней увязывается не мыслящий жизни без своего кумира Кен.",images/movies/барби_вертикаь_1.webp,images/movies/барби_горизонт__2.webp,2023-01-01,0.0,7.3,6.8,114,16,19,"7,5,1","993,987,988,9,989,991,479,986,992,990",142,"6,1",1,5018f760-a526-42ff-bf8e-47d439a48790,,https://youtube.com/embed/iq2LPQVoxsA
10,Заклятие,The Conjuring,"Эд и Лоррейн Уоррены — детективы, которые расследуют паранормальные дела. Однажды к ним обращается семья, страдающая от злого духа. Уоррены, вынужденные сражаться с могущественной демонической сущностью, сталкиваются с самым пугающим случаем в своей жизни.",images/movies/заклятие_вертикаль.webp,images/movies/заклятие_горизонталь.webp,2013-01-01,0.0,7.3,7.5,112,16,26,"12,10","48,54,56,51,55,49,50,53,52,57",12,1,1,2ac96d6d-0fa8-40c4-bbb6-23f1339d3f1d,,https://youtube.com/embed/CkqSvj4rK8s
66,Непокоренный,Invictus,"Фильм о времени после падения апартеида, когда Южная Африка провела у себя Кубок мира по регби 1995 года. Тогда шел первый президентский срок Нельсона Манделы, который пытался использовать все возможности, чтобы прекратить многолетнее непонимание между белым и чернокожим населением страны.",images/movies/Непокоренный_вертикальная.webp,images/movies/Непокоренный_горизонтальная.webp,2009-01-01,0.0,7.3,7.6,134,16,8,"16,14,9","145,368,432,431,430",71,1,1,,,https://www.youtube.com/embed/rtcJXLXw4I0?si=Xqlb-h00aOUKFLqQ
12,Оно,It,"Когда в городке Дерри штата Мэн начинают пропадать дети, несколько ребят сталкиваются со своими величайшими страхами — не только с группой школьных хулиганов, но со злобным клоуном Пеннивайзом, чьи проявления жестокости и список жертв уходят в глубь веков.",images/movies/оно_вертикаль.webp,images/movies/оно_горизонталь.webp,2017-01-01,0.0,7.3,7.3,135,18,51,"12,10,9,5","74,67,76,72,68,75,69,73,70,71",13,"8,1",1,,,https://youtube.com/embed/IisU-JHj_fU
51,Приключения Паддингтона,Paddington,"Познакомьтесь, это медведь по имени Паддингтон из дремучего Перу. Он приехал в Лондон, чтобы обрести семью и стать настоящим английским джентльменом. На пути к этой цели его ожидают невероятные приключения, полные юмора и опасностей.",images/movies/Приключения_Паддингтона_вертикальная.webp,images/movies/Приключения_Паддингтона_горизонтальная.webp,2014-01-01,0.0,7.3,7.2,95,6,37,"8,7,5,1","361,363,365,362,364",56,"6,4,1,5",1,"1b8fd4c0-f30f-4dcd-952b-000431d86e0a,124dc59c-3133-45a2-99c6-820543bee419",,https://youtube.com/embed/rrlvXlH_dLU
126,Сплит,Split,"Cредь бела дня с многолюдной парковки незнакомец похищает трёх школьниц. Они приходят в себя в закрытом помещении, а в душе владельца таятся 23 лика страха. Сменяя друг друга, личности ведут обычную для них жизнь — работают и ходят к психотерапевту, периодически напоминая пленницам, что они дожидаются 24-ю личность, которая скоро явит себя миру.",images/movies/сплит_вертикаль.webp,images/movies/сплит_горизонталь.webp,2017-01-01,0.0,7.3,7.0,117,18,5,"11,10","14,801,805,800,803,804,807,806,808,802",94,"1,7",1,,,https://youtube.com/embed/kDuDZ5ALoKA
105,Троя,Troy,"1193 год до нашей эры. Парис украл прекрасную Елену, жену царя Спарты Менелая. За честь Менелая вступается его брат – царь Агамемнон. Его армия под предводительством Ахиллеса подошла к Трое и взяла город в кровавую осаду, длившуюся долгих десять лет… Два мира будут воевать за честь и власть. Тысячи умрут за славу. И за любовь нация сгорит дотла.",images/movies/троя_вертикаль.webp,images/movies/троя_горизонталь.webp,2004-01-01,0.0,7.3,8.0,163,16,16,"16,9,6,2","614,419,135,615,617,217,618,58,616,613",102,"6,17,1",1,,,https://youtube.com/embed/4ojrZ9cI7jM
129,Дэдпул 2,Deadpool 2,"Единственный и неповторимый болтливый наемник вернулся! Ещё более масштабный, ещё более разрушительный и даже ещё более голозадый чем прежде! Когда в его жизнь врывается суперсолдат с убийственной миссией, Дэдпул вынужден задуматься о дружбе, семье и о том, что на самом деле значит быть героем, попутно надирая 50 оттенков задниц. Потому что иногда, чтобы делать хорошие вещи, нужно использовать грязные приёмчики.",images/movies/дэдпуль_2_вертикаль_14.webp,images/movies/дэдпул_2_горизонт_13.webp,2018-01-01,0.0,7.4,7.6,119,18,7,"7,6,4,1","565,826,46,824,825,11,567,561,560,563",122,"8,1",1,,,https://youtube.com/embed/YR7txR7-D6k
106,Законопослушный гражданин,Law Abiding Citizen,"Окружной прокурор пошёл на сделку с преступниками и освободил их из тюрьмы. Тогда человек, чьи жена и ребёнок погибли от рук убийц, решает отомстить прокурору, совершив правосудие самостоятельно. Его ловят и сажают в тюрьму, но он неожиданно ставит ультиматум: он будет убивать, не выходя из-за решетки, если его требования не будут выполнены. Смешное заявление, но вскоре люди правда начинают гибнуть...",images/movies/законопослушный_гражданин_вертикаль.webp,images/movies/законопослушный_гражданин_горизонталь.webp,2009-01-01,0.0,7.4,8.0,108,18,14,"13,11,9,6","622,625,371,619,620,628,623,624,626,627",103,1,1,124dc59c-3133-45a2-99c6-820543bee419,,https://youtube.com/embed/tzK8_r6b_g8
149,Легенда №17,,После серьезного ДТП хоккеист хочет вернуться на лед ради важной игры. Вдохновляющая драма о Валерии Харламове,images/movies/_29_11zon.webp,images/movies/легенда_17_горизонт_30.webp,2012-01-01,0.0,7.4,8.0,134,6,2,"14,9","980,983,984,985,979,976,977,982,978,981",141,2,1,,,https://youtube.com/embed/BRWyTgdWKZY
119,Области тьмы,Limitless,"Чудодейственные таблетки выводят писателя из кризиса. Триллер о том, что сверхсила не обходится без побочек",images/movies/области_тьмы_вертикаль.webp,images/movies/область_тьмы_горизонталь.webp,2011-01-01,0.0,7.4,8.0,105,18,10,"11,9,4","745,741,749,746,750,742,748,747,743,744",117,1,1,,,https://youtube.com/embed/eU0Z_rsZiws
67,Последняя дуэль,The Last Duel,"Франция, конец XIV века. Отношения между рыцарем Жаном де Карружем и его соратником и соседом Жаком Ле Гри постепенно портятся, и дело доходит до неразрешимого конфликта. Оскорблённый Карруж обращается за помощью к королю Франции Карлу VI, и тот постановляет — противники должны решить спор в смертельной дуэли.",images/movies/Последняя_дуэль_горизонтальная.webp,images/movies/Последняя_дуэль_горизонтальная_AmefEWi.webp,2021-01-01,0.0,7.4,7.4,152,18,7,"16,9","433,105,434,368,435",9,"6,1",1,,,https://www.youtube.com/embed/ec6LiX36M-c?si=7lMTgyHPyKp6OlZt
138,Чудо-женщина,Wonder Woman,"Перед тем как стать Чудо-женщиной, она была Дианой — принцессой амазонок, обученной быть непобедимой воительницей. И когда на берегах ограждённого от внешнего мира её родного острова терпит крушение американский пилот и рассказывает о масштабном конфликте, бушующем во внешнем мире, Диана покидает дом, чтобы противостоять злу. Сражаясь бок о бок с человеком в войне за мир, Диана обнаружит всю полноту своей власти и своё истинное предназначение.",images/movies/чудо-женщина_вертикаль_19.webp,images/movies/чудо_женщина_горизонталь_17.webp,2017-01-01,0.0,7.4,6.8,141,16,4,"6,5,4","890,894,893,437,891,898,892,895,897,896",132,"23,1",1,,,https://youtube.com/embed/GE4GT52MJuM
110,28 дней спустя,28 Days Later...,"Группа «зеленых» экстремистов вторгается в центр исследования приматов и выпускает из секретной научной лаборатории обезьяну, зараженную вирусом неудержимой агрессии. Смертельный вирус, передающийся через кровь за считанные секунды, приводит к мгновенному заражению и, соприкоснувшись с любым живым существом, превращает его в кровожадного монстра.
28 дней спустя вся Великобритания охвачена страшной эпидемией: многие эвакуируются, другие ищут безопасные места в надежде спастись. Те, кому посчастливилось не заразиться, вместе с группой военных прячутся в заброшенном доме.",images/movies/28_недель_спустя_вертикаль.webp,images/movies/28_дней_спустя_горизонталь.webp,2002-01-01,0.0,7.5,7.5,113,16,5,"11,10,9,4","419,663,468,659,661,658,657,660,664,662",106,6,1,,,https://youtube.com/embed/IjX1_5Olsm4
87,5 сантиметров в секунду,5 Centimeters Per Second,"Такаки Тоно и Акари Синохара, два очень близких друга и одноклассника, вынуждены расстаться, когда семья Акари переезжает в маленький город Ивафуне в префектуре Тотиги из-за работы её семьи. Несмотря на разлуку, они продолжают поддерживать связь по почте. Когда Такаки узнает, что его семья переезжает на остров Танэгасима, он решает встретиться с Акари в последний раз.
Проходят годы, они продолжают свой собственный путь, их расстояние постепенно увеличивается и их контакт друг с другом исчезает. Тем не менее, они продолжают вспоминать друг друга и время, которое они проводили вместе, гадая, будет ли у них возможность встретиться вновь.",images/movies/5_сантиметров_в_секунду_вертикальная.webp,images/movies/5_сантиметров_в_секунду_горизонтальная.webp,2007-03-03,0.0,7.5,7.9,63,12,14,"15,9,3,2","511,513,510,514,512",27,7,1,58ed4fc8-ac3e-48b0-a3d1-f2a08b5156ae,,https://youtube.com/embed/OlvKPUo9YBU
120,Адвокат дьявола,The Devil's Advocate,"В Нью-Йорк по приглашению главы крупного юридического концерна прибывает Кевин Ломакс, молодой адвокат. До этого он был известен тем, что защищал исключительно негодяев и притом не проиграл ни одного процесса. На новом месте работы он вполне счастлив, он живет в роскошной квартире с любящей женой, его окружают интересные люди.",images/movies/адвокат_дьявола_вертикаль.webp,images/movies/адвокат_дьявола_горизонталь.webp,1997-01-01,0.0,7.5,8.2,144,16,14,"12,11,9,5","751,757,752,753,115,437,754,756,755,35",118,"12,1",1,,,https://youtube.com/embed/q-g5otfoi0w
55,Как трусливый Роберт Форд убил Джесси Джеймса,The Assassination of Jesse James by the Coward Robert Ford,"Фильм рассказывает о долгом пути коварного убийцы Джесси Джеймса, Роберта Форда, и его комплексных отношениях с самим Джеймсом. В центре сюжета лежит сложная драма и психология персонажей.",images/movies/Как_трусливый_Роберт_Форд_убил_Джесси_Джеймса_Вертикальная.webp,images/movies/Как_трусливый_Роберт_Форд_убил_Джесси_Джеймса_Горизонтальная.webp,2007-09-02,0.0,7.5,7.1,160,16,10,"17,14,13,9","135,382,380,381,171",61,"6,8,1",1,92fb7fa2-b4a1-4ccb-a15a-e459a7b4e13c,124dc59c-3133-45a2-99c6-820543bee419,https://www.youtube.com/embed/uJHansmGSCw?si=jL9EWWoipQjsw66R
128,Переводчик,The Covenant,"Ахмед спас Джона от смерти, и теперь тот должен вернуть долг. Гай Ричи как никогда серьезен — и как всегда крут",images/movies/96dbcd89d999760_original_11zon.webp,images/movies/80c35449-54fb-507a-9fab-a3933602892c_11zon.webp,2022-01-01,0.0,7.5,7.9,123,18,64,"16,11,9,6","817,815,391,820,816,823,822,821,819,818",83,"6,3,1",1,"b982c079-49b8-4c71-bb65-2a4edfd7fa45,124dc59c-3133-45a2-99c6-820543bee419",,https://youtube.com/embed/rybU9w_CmQ8
88,D: Жажда крови,Vampire Hunter D,"Далёкое будущее. Когда-то вампиры правили миром и сейчас, почти на грани истребления, они все ещё наводят на людей ужас. Состоятельная семья похищенной вампиром девушки нанимает полувампира по имени Ди, чтобы тот вернул её живой или убил, если спасти будет слишком поздно. Чтобы увеличить шансы на спасение, они также наняли до зубов вооружённую группу охотников на вампиров.",images/movies/D_Жажда_крови_вертикальная.webp,images/movies/D_Жажда_крови_горизонтальная.webp,2000-08-25,0.0,7.6,7.8,102,16,9,"3,4,5,6,15","516,517,518,515,519",86,"1,7",1,,,https://youtube.com/embed/XirFUvnoiJU
130,Ван Хельсинг,Van Helsing,"Глубоко в Карпатах лежит таинственная страна Трансильвания — мир, в котором зло встречается на каждом шагу, мир, в котором опасность оживает с заходом солнца, и где монстры, живущие в глубине человеческих кошмаров, обретают форму. В этот мир попадает легендарный охотник на чудовищ Ван Хельсинг.
В своей непрерывной битве против сил зла и за освобождение мира от порождений ада Ван Хельсинг, по заданию секретного общества, отправляется в Трансильванию, чтобы скрестить оружие со смертельно опасным, наделённым неведомой силой графом Дракулой. На помощь ему внезапно приходит бесстрашная Анна Валери, поставившая целью избавить свою семью от векового проклятья, наложенного убитым вампиром",images/movies/_3_11zon.webp,images/movies/ван_хельсинг_горизонт_4.webp,2004-01-01,0.0,7.6,6.0,131,12,4,"11,7,6,5","834,829,831,833,827,828,835,832,758,830",123,"1,24",1,,,https://youtube.com/embed/aMJ5rZ5cjI8
94,Голый пистолет,The Naked Gun: From the Files of Police Squad!,"Самый некомпетентный полицейский, лейтенант Фрэнк Дребин, должен в одиночку противостоять международному заговору, цель которого — погубить королеву Елизавету II. Ко всеобщему удивлению и радости глупейший из глупых лейтенант Дребин разберётся со всеми врагами Её Величества так лихо, как не снилось и знаменитому агенту 007.",images/movies/Голый_пистолет_вертикальная.webp,images/movies/Голый_пистолет_горизонтальная.webp,1988-12-02,0.0,7.6,7.4,85,16,35,"13,12,1","544,541,545,542,543",95,1,1,1b8fd4c0-f30f-4dcd-952b-000431d86e0a,,https://youtube.com/embed/DYoLtOP4R4g
108,Добро пожаловать в Zombilend,Zombieland,Только зомби-апокалипсис может заставить социофоба найти друзей. Комедия с уморительным камео Билла Мюррея,images/movies/зомбиленд_вертикаль.webp,images/movies/добро_пожаловать_в_зомбиленд_горизонт.webp,2009-01-01,0.0,7.6,7.4,84,18,3,"10,6,1","641,639,643,645,471,644,646,640,642,1",105,1,1,1b8fd4c0-f30f-4dcd-952b-000431d86e0a,,https://youtube.com/embed/CPm93S5XOlI
52,Железная хватка,True Grit,"В этом фильме рассказывается история 14-летней девочки, стареющего судебного пристава Рустера Когберна и ещё одного законника. Вместе они идут по следам убийцы отца девочки, которые ведут во враждебную индейскую территорию.",images/movies/Железная_хватка_Вертикальная.webp,images/movies/Железная_хватка_Горизонтальная.webp,2010-12-22,0.0,7.6,7.6,110,18,19,"17,9,7","172,366,46,368,3","58,57",1,1,,124dc59c-3133-45a2-99c6-820543bee419,https://youtube.com/embed/Lbc68s_UVrg
112,Пила,Saw,"Два незнакомца просыпаются в подвале, где лежит человек с простреленной головой и пистолетом в руке. Они прикованы к стенам цепями и не помнят, как тут оказались. Голос с найденной плёнки велит одному из них выбрать — убить товарища по несчастью или дать умереть своим жене и дочери. Так начинается жестокая игра, у невольных участников которой есть всего лишь 7 часов.",images/movies/пила_вертикаль.webp,images/movies/пила_горизонталь.webp,2004-01-01,0.0,7.6,7.8,103,18,6,"12,11,10","682,678,676,679,675,61,680,677,400,681",12,1,1,,,https://youtube.com/embed/lQGkfATfMVg
13,Поезд в Пусан,Busanhaeng,"У маленькой Су-ан день рождения. Девочка живет с отцом в Сеуле и очень хочет отправиться к маме в Пусан. По дороге случается непредвиденное, и на страну обрушивается загадочный вирус. Пассажирам поезда в Пусан — единственного города, отразившего атаки вируса — придется бороться за выживание. 442 километра в пути. Добро пожаловать на борт и помните — в этой гонке недостаточно выжить, чтобы остаться человеком.",images/movies/поезд_в_пусан_вертикаль.webp,images/movies/поезд_в_пусан_горизонталь.webp,2016-01-01,0.0,7.6,7.2,118,18,19,"10,6","83,86,81,80,77,78,85,79,84,82",14,10,1,,,https://youtube.com/embed/58r-Rq_TuEI
101,Шерлок Холмс,Sherlock Holmes,"Величайший в истории сыщик Шерлок Холмс вместе со своим верным соратником Ватсоном вступают в схватку, требующую нешуточной физической и умственной подготовки, ведь их враг представляет угрозу для всего Лондона.",images/movies/шерлок_вертикаль.webp,images/movies/шерлок_холмс_горизонталь.webp,2009-01-01,0.0,7.6,8.1,128,12,12,"1,6,7,9,11,12,13","584,332,585,580,547,582,579,586,587,583",83,"11,6,12,1",1,"1b8fd4c0-f30f-4dcd-952b-000431d86e0a,124dc59c-3133-45a2-99c6-820543bee419",,https://youtube.com/embed/QFq-FJmYFaI
57,Горбатая гора,Brokeback Mountain,"На фоне живописных просторов штата Вайоминг разворачивается история сложных взаимоотношений двух молодых людей – помощника владельца ранчо и ковбоя родео. Герои случайно встречаются и скоро понимают, что не могут жить друг без друга. Однако судьба упрямо испытывает их на прочность.",images/movies/Горбатая_гора_вертикальная.webp,images/movies/Горбатая_гора_горизонтальная.webp,2005-09-05,0.0,7.7,7.6,134,16,14,"17,9,2","391,129,392,390,29",62,"8,1",1,,,https://www.youtube.com/embed/bjj6ad5EpzY?si=wXDDkfGdKg9ZdToY
29,"Девочка, покорившая время",The Girl Who Leapt Through Time,"17-летняя Макото Конно не слишком хорошо учится, часто опаздывает и не знает, кем хочет стать после окончания школы. По вечерам она играет с друзьями в бейсбол, каждое утро вскакивает на велосипед и торопится в школу. Но внезапно в её привычной размеренной жизни случается странное событие, после чего Макото обретает способность перемещаться во времени.",images/movies/Девочка_покорившая_время_вертикальная.webp,images/movies/Девочка_покорившая_время_горизонтальная.webp,2006-01-01,0.0,7.7,8.0,98,12,34,"1,2,3,4,9,15","213,214,212,210,211",29,7,1,1b8fd4c0-f30f-4dcd-952b-000431d86e0a,,https://youtube.com/embed/4-nVlEiezgk
132,Зверогонщики,Rally Road Racers,"Жи участвует в сложнейшем ралли, чтобы спасти свою деревню. Драйвовый мультфильм для поклонников «Тачек»",images/movies/зверогонщик_вертикаль_17.webp,images/movies/зверогонщики_горизонт_18.webp,2023-01-01,0.0,7.7,5.2,93,6,6,"3,1","849,845,846,850,851,852,848,847",125,"6,25,1",1,5018f760-a526-42ff-bf8e-47d439a48790,c8850036-31f8-4063-8a21-5ee4764ccb8b,https://youtube.com/embed/V1BlZNmagVg
95,Зодиак,Zodiac,"4 июля 1969 года неизвестный расстреливает влюблённую парочку на окраине города Вальехо в штате Калифорния. Месяц спустя в издательства крупных газет начинают приходить зашифрованные письма, в которых убийца, называющий себя Зодиаком, угрожает убить ещё 12 человек, если текст письма, содержащий тайну его личности, не будет опубликован на передовице. Помимо полицейских из разных штатов к расследованию подключаются матёрый репортёр San Francisco Chronicle Пол Эйвери и молодой карикатурист Роберт Грейсмит, работающий в той же газете. Вскоре убийца наносит новый удар.",images/movies/Зодиак_вертикальная.webp,images/movies/Зодиак_горизонтальная.webp,2007-02-02,0.0,7.7,7.3,158,18,8,"13,12,11,9","391,324,547,548,546",20,1,1,,,https://youtube.com/embed/kgKX4zk83uk
141,По половому признаку,On the Basis of Sex,"Фильм рассказывает о молодом адвокате Рут Бадер Гинзбург и её борьбе за равные права мужчин и женщин. Героиня преодолевает все трудности на пути, чтобы стать верховным судьёй США.",images/movies/по_половому_признаку_вертикаль_43.webp,images/movies/по_половому_признаку_горизонталь_44.webp,2018-01-01,0.0,7.7,7.1,120,18,1,"14,9","406,922,916,919,918,921,320,920,917,464",134,"8,23,1",1,,,https://youtube.com/embed/GjZvL6EnxQs
54,Поезд на Юму,3:10 to Yuma,"Шериф Дэн Эванс берется за опасную миссию: доставить опасного бандита в город Контукаки, где его ждет казнь. На пути к назначенному месту они сталкиваются с множеством препятствий и опасностей.",images/movies/Поезд_на_Юму_Вертикальная.webp,images/movies/Поезд_на_Юму_Горизонтальная.webp,2007-08-21,0.0,7.7,7.7,122,18,9,"17,13,6","379,378,376,377,97",60,1,1,,,https://www.youtube.com/embed/6LGHuPSoq_Y?si=U5Unzp-HUBRD2Bjh
133,Послезавтра,The Day After Tomorrow,"Земля уверенно движется навстречу глобальной экологической катастрофе: в одной части света все живое погибает от засухи, в другой - разбушевавшаяся водная стихия сносит города.
Близость катастрофы вынуждает ученого-климатолога, пытающегося найти способ остановить глобальное потепление, отправиться на поиски пропавшего сына в Нью-Йорк, в котором наступил новый ледниковый период…",images/movies/послезавтра_вертикаль_50.webp,images/movies/послезавтра_горизонт_1.webp,2004-01-01,0.0,7.7,6.5,124,12,6,"11,9,7,4","859,853,855,391,109,857,858,856,860,854",126,1,1,,,https://youtube.com/embed/IN79kI4VlNk
147,Ральф,Wreck-It Ralph,"Ральф – второстепенный персонаж восьмибитной компьютерной игры, и ему надоело находиться в тени главного героя, мастера на все руки Феликса, который всегда появляется, чтобы «исправить» ситуацию! После тридцати лет добросовестной работы в роли злодея, в течение которых все похвалы выпадали на долю Феликса, Ральф больше не хочет быть плохим.
Он решает отправиться в путешествие по аркадным играм разных жанров, чтобы доказать всем, что и он тоже может быть героем. На своем пути Ральф встречает героев разных игр - хладнокровную сержанта Калхун из игры Hero’s Duty, оберегающую планету от нашествия инопланетных захватчиков, и сладкую на вид, но острую на язычок Сластену фон Дю, чье существование в гоночном симуляторе Sugar Rush внезапно оказывается под угрозой. Наконец-то Ральфу выпадает шанс показать, что он умеет не только разрушать!",images/movies/ральф_вертикаль.webp,images/movies/ральф_горизонт.webp,2012-01-01,0.0,7.7,7.8,101,6,5,"1,3,4,5,7,8","964,968,293,963,966,961,965,962,967,969",38,1,1,,,https://youtube.com/embed/QWE4UDN1Lqg
23,Брат,Брат,"Демобилизовавшись, Данила Багров вернулся в родной городок. Но скучная жизнь российской провинции не устраивала его, и он решился податься в Петербург, где, по слухам, уже несколько лет процветает его старший брат. Данила нашел брата. Но все оказалось не так просто — брат работает наемным убийцей.",images/movies/Брат_вертикаль.webp,images/movies/Брат_горизонталь.webp,1997-01-01,0.0,7.8,8.3,100,18,43,"13,9,6","180,182,181,174,179,176,175,173,178,177",24,2,1,"2ac96d6d-0fa8-40c4-bbb6-23f1339d3f1d,124dc59c-3133-45a2-99c6-820543bee419",,https://youtube.com/embed/V0xbH91kvNE
84,Бэтмен,The Batman,"После двух лет поисков правосудия на улицах Готэма Бэтмен становится для горожан олицетворением беспощадного возмездия. Когда в городе происходит серия жестоких нападений на высокопоставленных чиновников, улики приводят Брюса Уэйна в самые тёмные закоулки преступного мира, где он встречает Женщину-Кошку, Пингвина, Кармайна Фальконе и Загадочника. Теперь под прицелом оказывается сам Бэтмен, которому предстоит отличить друга от врага и восстановить справедливость во имя Готэма.",images/movies/Бэтмен-вертикальная.webp,images/movies/Бэтмен-горизонтальная.webp,2022-03-01,0.0,7.8,7.1,85,16,21,"13,12,9,6","502,503,500,501,499",84,1,1,,,https://www.youtube.com/embed/fWQrd6cwJ0A
82,Джентльмены,The Gentlemen,"Один ушлый американец ещё со студенческих лет приторговывал наркотиками, а теперь придумал схему нелегального обогащения с использованием поместий обедневшей английской аристократии и очень неплохо на этом разбогател. Другой пронырливый журналист приходит к Рэю, правой руке американца, и предлагает тому купить киносценарий, в котором подробно описаны преступления его босса при участии других представителей лондонского криминального мира — партнёра-еврея, китайской диаспоры, чернокожих спортсменов и даже русского олигарха.",images/movies/Джентльмены-вертикальная.webp,images/movies/джентельмены-горизонтальное.webp,2019-12-03,0.0,7.8,8.6,113,18,21,"13,6,1","492,494,28,493,491",83,"6,1",1,"1b8fd4c0-f30f-4dcd-952b-000431d86e0a,124dc59c-3133-45a2-99c6-820543bee419",,https://youtube.com/embed/VbupprorfU4
24,Достучаться до небес,Knockin' on Heaven's Door,"Волею судеб две абсолютные противоположности, тихоня Руди и разгильдяй Мартин, оказываются в одной больничной палате. Узнав неутешительные прогнозы, друзья решают использовать последние дни на полную катушку — угнать машину с деньгами, напиться текилы, и, конечно, увидеть море.",images/movies/Достучаться_до_небес_вертикаль.webp,images/movies/достучаться_до_небес_горизонталь.webp,1997-01-01,0.0,7.8,8.6,87,18,255,"13,9,1","192,190,188,186,189,191,183,185,187,184",25,12,1,"2ac96d6d-0fa8-40c4-bbb6-23f1339d3f1d,124dc59c-3133-45a2-99c6-820543bee419",,https://youtube.com/embed/n0JXGT8qdH4
90,Ковбой Бибоп,Cowboy Bebop: The Movie,"Марс, 2071 год. В канун Хэллоуина, когда на Земле по улицам ходят ряженые, а дети украшают дом тыквенными головами со свечками внутри, Красную планету постигает страшная трагедия. В результате теракта с применением биохимического оружия массового поражения погибают сотни колонистов. Тот, кто совершил это злодеяние должен понести заслуженную кару, поэтому за поимку мерзавца назначается огромная премия.
А там, где есть возможность одновременно заработать и совершить благое дело, всегда появляются они - знаменитые на всю Солнечную систему охотники за головами и искатели приключений Джет Блэк и Спайк Спигел с прошедшего огонь и метеоритные дожди межпланетного корабля «Бибоп». Это как раз те парни, которые могут достать мерзавца и вернуть Марсу мир и покой.",images/movies/Ковбой_Бибоп_вертикальная.webp,images/movies/Ковбой_Бибоп_горизонтальная__.webp,2001-09-01,0.0,7.8,8.0,115,18,9,"1,3,4,6,7,13,15","526,517,518,525,527","91,88,89,90",7,1,,,https://youtube.com/embed/OhNwckCLzis
118,Лучшее предложение,La migliore offerta,Известного аукциониста нанимают для продажи наследства. Джеффри Раш в хитроумном искусствоведческом триллере,images/movies/лучшее_предложение_вертикаль.webp,images/movies/лучшее_предложение_горизонталь.webp,2012-01-01,0.0,7.8,8.0,131,18,3,"13,11,9","740,736,216,732,734,739,737,738,733,735",116,21,1,,,https://youtube.com/embed/WFwVuMDe0g8
56,Омерзительная восьмёрка,The Hateful Eight,"США после Гражданской войны. Легендарный охотник за головами Джон Рут по кличке Вешатель конвоирует заключенную. По пути к ним прибиваются еще несколько путешественников. Снежная буря вынуждает компанию искать укрытие в лавке на отшибе, где уже расположилось весьма пёстрое общество: генерал конфедератов, мексиканец, ковбой… И один из них — не тот, за кого себя выдает.",images/movies/Омезительная_восьмёрка_Вертикальное.webp,images/movies/Омезительная_восьмёрка_Гризонтальная.webp,2015-12-07,0.0,7.8,8.0,168,18,22,"9,11,12,13,17","389,388,384,383,387,90,386,385",59,1,1,124dc59c-3133-45a2-99c6-820543bee419,,https://www.youtube.com/embed/lmB9VWm0okU?si=N409Wn-EkI1BMIIN
5,2001 год: Космическая одиссея,2001: A Space Odyssey,"Экипаж космического корабля «Дискавери» — капитаны Дэйв Боумэн, Фрэнк Пул и их бортовой компьютер HAL 9000 — должны исследовать район галактики и понять, почему инопланетяне следят за Землей. На этом пути их ждет множество неожиданных открытий",images/movies/2001_космическая_одиссея_вертикальная.webp,images/movies/2001_космическая_одиссея_горизонтальная.webp,1968-04-02,0.0,7.9,8.3,149,12,46,"7,4","24,26,23,27,25",7,"6,1",1,b982c079-49b8-4c71-bb65-2a4edfd7fa45,,https://www.youtube.com/embed/oR_e9y-bka0
73,Богемская рапсодия,Bohemian Rhapsody,"Биография Фредди Меркьюри, вокалиста группы Queen.",images/movies/Богемская_рапсодия_вертикальная.webp,images/movies/Богемская_рапсобия_горизонтальная.webp,2018-10-24,0.0,7.9,8.1,134,12,3,"14,9","461,460,462,459,458",77,"6,1",1,,,https://www.youtube.com/embed/dNqrkhbBbWM?si=dIWxes6C8StFPEHg
92,Достать ножи,Knives Out,"На следующее утро после празднования 85-летия известного автора криминальных романов Харлана Тромби виновника торжества находят мёртвым. Налицо — явное самоубийство, но полиция по протоколу опрашивает всех присутствующих в особняке членов семьи, хотя, в этом деле больше заинтересован частный детектив Бенуа Блан. Тем же утром он получил конверт с наличными от неизвестного и заказ на расследование смерти Харлана. Не нужно быть опытным следователем, чтобы понять, что все приукрашивают свои отношения с почившим главой семейства, но Блану достаётся настоящий подарок — медсестра покойного, которая физически не выносит ложь.",images/movies/Достать_ножи_вертикальная.webp,images/movies/Достать_ножи_горизонтальная.webp,2019-11-28,0.0,7.9,8.1,130,18,11,"13,12,9,1","106,535,533,534,536",93,1,1,,,https://www.youtube.com/embed/-9UseTc1Zfk
152,Железный человек,Iron Man,"Миллиардер-изобретатель Тони Старк попадает в плен к Афганским террористам, которые пытаются заставить его создать оружие массового поражения. В тайне от своих захватчиков Старк конструирует высокотехнологичную киберброню, которая помогает ему сбежать. Однако по возвращении в США он узнаёт, что в совете директоров его фирмы плетётся заговор, чреватый страшными последствиями. Используя своё последнее изобретение, Старк пытается решить проблемы своей компании радикально...",images/movies/_15_11zon.webp,images/movies/_16_11zon.webp,2008-01-01,0.0,7.9,8.0,121,12,6,"7,6,4","1006,366,1010,881,623,547,1011,1007,1009,1008",145,"8,1",1,,,https://youtube.com/embed/i_IIxuHAClc
81,Основатель,The Founder,"История о Рэе Кроке, который основал сеть ресторанов McDonald's.",images/movies/Основатель_вертикальное.webp,images/movies/Основатель_горизонтальное.webp,2016-10-05,0.0,7.9,7.8,115,12,11,"16,14,9","490,487,486,489,488",82,1,1,,,https://www.youtube.com/embed/j3Cqaz1uE5I?si=oClDWGE0E9jZT2UR
79,Переступить черту,Walk the Line,"Юность певца Джонни Кэша была омрачена гибелью его брата и пренебрежительным отношением отца. Военную службу будущий певец проходил в Германии. После свадьбы и рождения дочери он выпустил свой первый хит и вскоре отправился в турне по США вместе с Джерри Ли Льюисом, Элвисом Пресли и Джун Картер, о которой он безнадёжно мечтал целых десять лет.",images/movies/Переступить_черту_вертикальная.webp,images/movies/Переступить_черту_горизонтальная.webp,2005-11-01,0.0,7.9,7.7,136,12,1,"14,9","378,252,481,482,436",60,"12,1",1,,,https://www.youtube.com/embed/RnFrrzg1OEQ?si=6A4GgdPwbyjiGun9
89,Призрак в доспехах,Ghost in the Shell,"2029 год. Благодаря значительным достижениям в кибернетике люди могут заменять свои конечности роботизированными частями. Майор Мотоко Кусанаги из 9-го отдела службы безопасности ведёт расследование, связанное с таинственным хакером, который называет себя Кукловод.",images/movies/Призрак_в_доспехах_вертикальная.webp,images/movies/Призрак_в_доспехах_горизонтальная.webp,1995-11-18,0.0,7.9,8.0,82,16,13,"3,4,6,12,13,15","521,520,517,523,524,522",87,7,1,,,https://youtube.com/embed/mdU8ZYxi__w
135,Реальная любовь,Love Actually,"Любовь поистине правит всеми вокруг — от премьер-министра, влюбившегося в сотрудницу своего аппарата, до писателя, сбежавшего на юг Франции, чтобы склеить свое разбитое сердце.",images/movies/реальная_любовь_вертикаль_4.webp,images/movies/_5_11zon.webp,2003-01-01,0.0,7.9,7.6,129,18,4,"9,2,1","305,220,218,871,873,869,874,872,493,870",128,"6,1,5",1,,,https://youtube.com/embed/1eVsoD6eYY8
76,Социальная сеть,The Social Network,"Фильм о создании Facebook, одной из самых популярных социальных сетей в мире.",images/movies/Социальная_сеть_вертикальная.webp,images/movies/Социальная_сеть_горизонтальная.webp,2010-10-01,0.0,7.9,7.8,123,16,10,"16,14,9","406,473,471,474,472",20,1,1,,,https://www.youtube.com/embed/54izAMhnj0c?si=gXtG-k5M96XZWZKw
75,Темные времена,Darkest Hour,"Рассказ о том, как Уинстону Черчиллю удалось возглавить Великобританию в период Второй мировой войны.",images/movies/Темные_времена_вертикальная.webp,images/movies/Темные_времена_горизонтальная.webp,2017-11-20,0.0,7.9,7.8,125,12,6,"16,14,9","469,467,468,470,466",79,"6,1",1,b982c079-49b8-4c71-bb65-2a4edfd7fa45,b982c079-49b8-4c71-bb65-2a4edfd7fa45,https://www.youtube.com/embed/_XI_ZsnupFQ?si=7dCgZjXnwYBBSrpe
43,Титаник,Titanic,"В первом и последнем плавании шикарного «Титаника» встречаются двое. Пассажир нижней палубы Джек выиграл билет в карты, а богатая наследница Роза отправляется в Америку, чтобы выйти замуж по расчёту. Чувства молодых людей только успевают расцвести, и даже не классовые различия создадут испытания влюблённым, а айсберг, вставший на пути считавшегося непотопляемым лайнера.",images/movies/Титаник_вертикальная.webp,images/movies/Титаник_горизонтальная.webp,1998-02-20,0.0,7.9,8.4,194,12,72,"16,11,9,2","319,318,320,125,321",47,"16,1",1,"92fb7fa2-b4a1-4ccb-a15a-e459a7b4e13c,5b95b64a-f72b-428a-87fe-2a49ac0ba12e,5018f760-a526-42ff-bf8e-47d439a48790,2ac96d6d-0fa8-40c4-bbb6-23f1339d3f1d","c8850036-31f8-4063-8a21-5ee4764ccb8b,92fb7fa2-b4a1-4ccb-a15a-e459a7b4e13c,5b95b64a-f72b-428a-87fe-2a49ac0ba12e,124dc59c-3133-45a2-99c6-820543bee419",https://www.youtube.com/embed/I7c1etV7D7g
34,Шрэк,Shrek,"Огр-мизантроп спасает принцессу, чтобы вернуть свое болото. Революционная анимация о том, что красота — внутри",images/movies/Шрек_вертикальная.webp,images/movies/Шрек_гор.webp,2001-04-22,0.0,7.9,8.1,90,12,29,"1,2,3,5,7,8","245,241,244,240,243,246,239,234,242,238","35,34","8,1,13",1,2ac96d6d-0fa8-40c4-bbb6-23f1339d3f1d,,https://youtube.com/embed/7kOcU9lvvFo
35,Выживший,The Revenant,"Охотник Хью Гласс серьезно ранен на неизведанных просторах американского Дикого Запада. Товарищ Хью по отряду покорителей новых земель Джон Фицжеральд предательски оставляет его умирать в одиночестве. Теперь у Гласса осталось только одно оружие – его сила воли. Он готов бросить вызов первобытной природе, суровой зиме и враждебным племенам индейцев, только чтобы выжить и отомстить Фицжеральду.",images/movies/Выживший_вертикальная.webp,images/movies/Выживший_горизонтальная.webp,2015-01-01,0.0,8.0,7.8,156,18,67,"6,7,9,14,17","248,125,251,247,249,250",36,"14,1,15",1,2ac96d6d-0fa8-40c4-bbb6-23f1339d3f1d,124dc59c-3133-45a2-99c6-820543bee419,https://youtube.com/embed/U0OAI6iv7sY
99,Дэдпул,Deadpool,"Уэйд Уилсон — наёмник. Будучи побочным продуктом программы вооружённых сил под названием «Оружие X», Уилсон приобрёл невероятную силу, проворство и способность к исцелению. Но страшной ценой: его клеточная структура постоянно меняется, а здравомыслие сомнительно. Всё, чего хочет Уилсон, — держаться на плаву в социальной выгребной яме. Но течение в ней слишком быстрое.",images/movies/дэдрул_вертикаль.webp,images/movies/дэдпул_горизонталь.webp,2016-01-01,0.0,8.0,7.6,108,18,6,"6,1","565,568,564,11,567,561,560,566,563,562",97,1,1,,,https://youtube.com/embed/EmH6VNG8QEE
9,Дюна,Dune: Part One,"Наследник знаменитого дома Атрейдесов Пол отправляется вместе с семьей на одну из самых опасных планет во Вселенной — Арракис. Здесь нет ничего, кроме песка, палящего солнца, гигантских чудовищ и основной причины межгалактических конфликтов — невероятно ценного ресурса, который называется меланж. В результате захвата власти Пол вынужден бежать и скрываться, и это становится началом его эпического путешествия. Враждебный мир Арракиса приготовил для него множество тяжелых испытаний, но только тот, кто готов взглянуть в глаза своему страху, достоин стать избранным.",images/movies/Дюная_вертикальная.webp,images/movies/Дюна_горизонталь-2.webp,2021-09-16,0.0,8.0,7.7,155,12,120,"9,7,6,4","47,46,7,44,43",11,"9,8,1",1,,,https://www.youtube.com/embed/n9xhJrPXop4
36,Зверополис,Zootopia,"Добро пожаловать в Зверополис – современный город, населенный самыми разными животными, от огромных слонов до крошечных мышек. Зверополис разделен на районы, полностью повторяющие естественную среду обитания разных жителей – здесь есть и элитный район Площадь Сахары и неприветливый Тундратаун. В этом городе появляется новый офицер полиции, жизнерадостная зайчиха Джуди Хоппс, которая с первых дней работы понимает, как сложно быть маленькой и пушистой среди больших и сильных полицейских. Джуди хватается за первую же возможность проявить себя, несмотря на то, что ее партнером будет болтливый хитрый лис Ник Уайлд. Вдвоем им предстоит раскрыть сложное дело, от которого будет зависеть судьба всех обитателей Зверополиса.",images/movies/Зверополис_вертикальная.webp,images/movies/Зверополис_горизонтальная.webp,2016-02-10,0.0,8.0,8.3,108,6,29,"1,3,7,8,12,13","256,259,253,254,252,257,36,255,260,258","37,39,38",1,1,2ac96d6d-0fa8-40c4-bbb6-23f1339d3f1d,,https://youtube.com/embed/mokY5o-lgcM
72,Король говорит!,The King's Speech,"История о короле Георге VI, который преодолел заикание с помощью логопеда Лайонела Лога.",images/movies/Король_говорит_вертикальная.webp,images/movies/Король_говорит_горизонтальная-transformed.webp,2010-12-06,0.0,8.0,8.0,118,12,6,"16,14,9","456,216,454,457,455",76,"6,1",1,,,https://www.youtube.com/embed/T50xm5Py5Vc?si=Ic8NxXHA1IogDAWk
137,Люди в черном,Men in Black,"Земля кишит пришельцами, за которыми глаз да глаз. Уилл Смит и Томми Ли Джонс в ролях следящих за порядком",images/movies/люди_в_черном_вертикаль_31.webp,images/movies/люди_в_черном_горизонт_32.webp,1997-01-01,0.0,8.0,7.3,98,12,2,"7,6,4,1","395,888,884,887,885,889,882,91,883,886",131,1,1,,,https://youtube.com/embed/Sk8VYmIxZGw
80,12 лет рабства,12 Years a Slave,"История Соломона Нортапа, свободного чернокожего, который был продан в рабство в США.",images/movies/12_лет_рабства_ваертикальная.webp,images/movies/12_лет_рабства_горизонтальная.webp,2013-10-18,0.0,8.1,8.2,134,16,6,"16,14,9","135,485,34,484,483",81,1,1,,,https://www.youtube.com/embed/gp1e7eTQ9wk?si=MSpHoYUAOY1q9jV6
103,Безумный Макс: Дорога ярости,Mad Max: Fury Road,"Вскоре после отмщения за смерть жены и сына, Макс Рокатански покинул ряды «Основного силового патруля» и уехал в глушь, где скитается в одиночестве, пока мир медленно падает впоследствии нефтяного кризиса и глобальной войны. Не имея ничего, кроме своей машины «Перехватчик», Максу предстоит научиться, как выжить в пост-апокалиптической пустоши и сражаться с жестокими, безжалостными воинами, которые населяют её.",images/movies/безумный_макс_вертикаль.webp,images/movies/безумный_макс_горизонатль.webp,2015-01-01,0.0,8.1,7.8,120,16,4,"7,6,4","600,500,598,601,603,602,247,599,35,604",100,11,1,,,https://youtube.com/embed/an_MiUmpgs0
78,Волк с Уолл-стрит,The Wolf of Wall Street,"1987 год. Джордан Белфорт становится брокером в успешном инвестиционном банке. Вскоре банк закрывается после внезапного обвала индекса Доу-Джонса. По совету жены Терезы Джордан устраивается в небольшое заведение, занимающееся мелкими акциями. Его настойчивый стиль общения с клиентами и врождённая харизма быстро даёт свои плоды. Он знакомится с соседом по дому Донни, торговцем, который сразу находит общий язык с Джорданом и решает открыть с ним собственную фирму. В качестве сотрудников они нанимают нескольких друзей Белфорта, его отца Макса и называют компанию «Стрэттон Оукмонт». В свободное от работы время Джордан прожигает жизнь: лавирует от одной вечеринки к другой, вступает в сексуальные отношения с проститутками, употребляет множество наркотических препаратов, в том числе кокаин и кваалюд. Однажды наступает момент, когда быстрым обогащением Белфорта начинает интересоваться агент ФБР...",images/movies/Волк_с_Уолл-стрит_вертикальная.webp,images/movies/Волк_с_Уолл-стрит_горизонтальная.webp,2013-12-25,0.0,8.1,7.8,180,18,9,"14,9,1","480,125,479,450,28",19,1,1,,,https://www.youtube.com/embed/CHivqmutR0I?si=ktCZvAYFzeETwFFg
74,Вселенная Стивена Хокинга,The Theory of Everything,"История жизни Стивена Хокинга, физика-теоретика, автора теории о черных дырах.",images/movies/Вселенная_Стивена_Хокинга_вертикальная.webp,images/movies/Вселенная_Стивена_Хокинга_горизонтальная.webp,2014-11-07,0.0,8.1,7.7,123,12,7,"16,14,9","219,464,465,463,466",78,"6,1",1,,,https://www.youtube.com/embed/YLOQ5sgsL1U?si=ETV43PiLAIrlHt0p
122,Исчезнувшая,Gone Girl,"Всё было готово для празднования пятилетия супружеской жизни, когда вдруг необъяснимо пропала виновница торжества. Остались следы борьбы в доме, кровь, которую явно пытались стереть, и цепочка подсказок в игре «охота за сокровищами» - жена ежегодно устраивала её для своего обожаемого мужа. И похоже, что эти подсказки дают шанс пролить свет на судьбу исчезнувшей.",images/movies/исчезнувшая_вертикаль.webp,images/movies/исчезнувшая_горизонталь.webp,2014-01-01,0.0,8.1,8.0,149,16,4,"12,11,9","105,772,770,769,773,774,767,771,766,768",20,1,1,,,https://youtube.com/embed/il5pBokQymQ
146,По соображениям совести,Hacksaw Ridge,"Медик американской армии времён Второй мировой войны Десмонд Досс, который служил во время битвы за Окинаву, отказывается убивать людей и становится первым идейным уклонистом в американской истории, удостоенным Медали Почёта.",images/movies/по_соображениям_совести_вертикаль_45.webp,images/movies/по_соображениям_совести_горизонталь_46.webp,2016-01-01,0.0,8.1,8.2,139,18,4,"16,14,9","606,956,959,828,958,954,955,960,957,472",68,"11,6,23,1",1,,,https://youtube.com/embed/-KreEt8VnJE
85,"Поймай меня, если сможешь",Catch Me If You Can,"Фрэнк Эбегнейл успел поработать врачом, адвокатом и пилотом на пассажирской авиалинии – и все это до достижения полного совершеннолетия в 21 год. Мастер в обмане и жульничестве, он также обладал искусством подделки документов, что в конечном счете принесло ему миллионы долларов, которые он получил по фальшивым чекам.

Агент ФБР Карл Хэнрэтти отдал бы все, чтобы схватить Фрэнка и привлечь к ответственности за свои деяния, но Фрэнк всегда опережает его на шаг, заставляя продолжать погоню.",images/movies/Поймай-меня_-если-сможешь-вертикальная.webp,images/movies/Поймай-меня_-если-сможешь-горизонтальная.webp,2002-12-16,0.0,8.1,8.5,141,18,9,"14,13,1","504,125,450,505,163",85,"8,1",1,,,https://youtube.com/embed/nH3wJYOlXYw
28,Форма голоса,A Silent Voice,"Молодой человек Сёя Исида внезапно осознаёт, что в школе умудрился превратить жизнь одноклассницы Сёко в ад только потому, что та была глухая. И теперь, хоть и запоздало, парень понимает — чтобы сказать нечто важное тому, кто не может тебя услышать, вовсе не обязательно использовать голос.",images/movies/Форма_голоса_вертикальная.webp,images/movies/Форма_голоса_горизонтальная.webp,2016-01-01,0.0,8.1,8.2,130,12,27,"15,9,3,2","200,208,203,207,209",28,7,1,,8e5896ef-0f97-4d52-9e25-f4101d233d95,https://youtube.com/embed/GUtMtqCYj8s
86,Большой куш,Snatch,"Фрэнки Четыре Пальца должен был переправить краденый алмаз из Англии в США своему боссу Эви, но, сделав ставку на подпольный боксерский поединок, он попал в круговорот весьма нежелательных событий. Вокруг него и его груза разворачивается сложная интрига с участием множества колоритных персонажей лондонского дна — русского гангстера, троих незадачливых грабителей, хитрого боксера и угрюмого громилы грозного мафиози. Каждый норовит в одиночку сорвать большой куш.",images/movies/Большой-куш-вертикальная.webp,images/movies/Большой-куш-горизонтальная.webp,2001-05-10,0.0,8.2,8.6,104,18,9,"13,6,1","508,135,506,509,507",83,"6,1",1,,,https://youtube.com/embed/4W2B-gM4S2c
77,Игры разума,A Beautiful Mind,"История Джона Форбса Нэша-младшего, математика, который страдал от шизофрении.",images/movies/Игры_разума_вертикальная.webp,images/movies/Игры_разума_горизонтальная.webp,2001-12-21,0.0,8.2,8.5,135,12,5,"16,14,9","476,478,477,97,463",80,1,1,,,https://www.youtube.com/embed/k6HI8L3YFb8?si=9LybuC2pTyJRl520
18,Остров проклятых,Shutter Island,Пристав оказывается заложником клиники для умалишенных. Сложносочиненный детектив с Леонардо ДиКаприо,images/movies/Остров_проклятых_вертикаль.webp,images/movies/остров_проклятых_горизонталь.webp,2009-01-01,0.0,8.2,8.5,138,18,62,"12,11,9","127,132,125,128,126,129,131,133,130",19,1,1,2ac96d6d-0fa8-40c4-bbb6-23f1339d3f1d,,https://youtube.com/embed/_l7R9Rz5URw
25,Ходячий замок,Howl's Moving Castle,"Злая ведьма заточила 18-летнюю Софи в тело старухи. Девушка-бабушка бежит из города куда глаза глядят и встречает удивительный дом на ножках, где знакомится с могущественным волшебником Хаулом и демоном Кальцифером. Кальцифер должен служить Хаулу по договору, условия которого он не может разглашать. Девушка и демон решают помочь друг другу избавиться от злых чар.",images/movies/Ходячий_замок_вертикальная.webp,images/movies/Ходячий_замок_горизонтальная.webp,2004-01-01,0.0,8.2,8.3,119,6,45,"2,3,5,7,15","195,197,194,196,193",26,7,1,"2ac96d6d-0fa8-40c4-bbb6-23f1339d3f1d,0bf75bc5-8431-4e02-88eb-3ef151c4d18d",0bf75bc5-8431-4e02-88eb-3ef151c4d18d,https://youtube.com/embed/otCW9XEZwlY
93,Шестое чувство,The Sixth Sense,"Детский психиатр Малкольм Кроу сталкивается со странным случаем: девятилетнего Коула посещают страшные видения - призраки умерших. Все эти люди когда-то были убиты, и теперь они обрушивают на малыша свой гнетущий страх и отчаянный гнев.

Как врач Малкольм бессилен помочь. Но как человек он пытается найти ключ к ужасному миру Коула, в котором веет дыханием смерти, и распускаются страшные цветы боли.",images/movies/Шестое_чувство_вертикальная.webp,images/movies/Шестое_чувство_горизонтальная_.webp,1999-08-02,0.0,8.2,8.2,107,12,7,"4,5,9,11,12","496,539,538,540,537",94,1,1,,,https://youtube.com/embed/NXJ-dp_dM_k
44,Вечное сияние чистого разума,Eternal Sunshine of the Spotless Mind,"Застенчивый и меланхоличный Джоэл живёт ничем не примечательной серой и унылой жизнью. Но однажды вместо привычного рабочего маршрута молодой человек вдруг садится на электричку в другом направлении и устремляется к морю. На песчаном берегу Джоэл замечает девушку с ярко-синими волосами. На обратном пути они знакомятся в вагоне электрички и парень понимает, что у них с Клементиной очень много общего, как будто он уже знает эту девушку. Совсем скоро Джоэл поймёт, что действительно был знаком с ней, более того - они были парой.",images/movies/Вечное_сияние_чистого_разума_вертикальная.webp,images/movies/Вечное_сияние_чистого_разума_горизонтальная.webp,2004-04-20,0.0,8.3,8.0,108,16,18,"9,4,2","322,318,323,126,325",48,1,1,124dc59c-3133-45a2-99c6-820543bee419,,https://www.youtube.com/embed/07-QBnEkgXU
63,Храброе сердце,Braveheart,"Действие фильма начинается в 1280 году в Шотландии. Это история легендарного национального героя Уильяма Уоллеса, посвятившего себя борьбе с англичанами при короле Эдварде Длинноногом.
Он рано лишился отца, погибшего от рук англичан, и его забрал к себе дядя Оргайл, который дал ему хорошее образование в Европе. На родину Уильям возвращается уже взрослым человеком, мечтающим завести семью и жить мирной жизнью.
Но судьба распорядилась иначе. Его невесту убили англичане, и он начал свой крестовый поход за свободу.",images/movies/Храброе_сердце_вертикальная.webp,images/movies/Храброе_сердце_горизонтальная.webp,1995-01-01,0.0,8.3,8.3,178,16,6,"16,14,9","419,415,417,416,418",68,1,1,,,https://www.youtube.com/embed/277chVHPQSA?si=GUpRLGHOtbVaDAYk
53,Джанго освобожденный,Django Unchained,"Фильм рассказывает историю бывшего чернокожего раба по имени Джанго, который становится охотником за головами и отправляется на поиски своей жены, находящейся под властью жестокого плантатора.",images/movies/Джанго_Освобожденный_Вертикальная.webp,images/movies/Джанго_Освобожденный_Горизонтальная.webp,2012-12-25,0.0,8.4,8.2,165,18,18,"17,9,6,1","371,375,372,125,90",59,1,1,,,https://www.youtube.com/embed/kznAtIhoWwE?si=RSxSQk3VSCqZSZQ5
37,Тайна Коко,Coco,"12-летний Мигель живёт в мексиканской деревушке в семье сапожников и тайно мечтает стать музыкантом. Тайно, потому что в его семье музыка считается проклятием. Когда-то его прапрадед оставил жену, прапрабабку Мигеля, ради мечты, которая теперь не даёт спокойно жить и его праправнуку. С тех пор музыкальная тема в семье стала табу. Мигель обнаруживает, что между ним и его любимым певцом Эрнесто де ла Крусом, ныне покойным, существует некая связь. Паренёк отправляется к своему кумиру в Страну Мёртвых, где встречает души предков. Мигель знакомится там с духом-скелетом по имени Гектор, который становится его проводником. Вдвоём они отправляются на поиски де ла Круса.",images/movies/Таина_Коко_вертикальная.webp,images/movies/Таина_Коко_горизонтальная.webp,2017-10-20,0.0,8.4,8.7,105,12,25,"1,3,5,7,8","264,267,263,269,262,270,265,266,268,261","40,41","1,7",1,,,https://youtube.com/embed/HMnUSq3dC1g
26,Твоё имя,Your Name,"Токийский парень Таки и провинциальная девушка Мицуха обнаруживают, что между ними существует странная связь. Во сне они меняются телами и проживают жизни друг друга. Но однажды эта способность исчезает так же внезапно, как появилась. Таки решает во что бы то ни стало отыскать Мицуху.",images/movies/Твоё_имя_вертикальная.webp,images/movies/Твоё_имя_горизонтальная.webp,2016-01-01,0.0,8.4,8.4,110,12,31,"2,3,5,9,15","200,198,201,197,199",27,7,1,,,https://youtube.com/embed/tT7b5wR0IOM
21,1+1,Intouchables,"Пострадав в результате несчастного случая, богатый аристократ Филипп нанимает в помощники человека, который менее всего подходит для этой работы, – молодого жителя предместья Дрисса, только что освободившегося из тюрьмы. Несмотря на то, что Филипп прикован к инвалидному креслу, Дриссу удается привнести в размеренную жизнь аристократа дух приключений.",images/movies/11_вертикальная.webp,images/movies/11_горизонтальная.webp,2011-01-01,0.0,8.5,8.8,112,18,24,"14,9,1","160,156,158,159,157,155,162,161,154","22,23",5,1,b982c079-49b8-4c71-bb65-2a4edfd7fa45,,https://youtube.com/embed/tTwFeGArcrs
68,Гладиатор,Gladiator,"В великой Римской империи не было военачальника, равного генералу Максимусу. Непобедимые легионы, которыми командовал этот благородный воин, боготворили его и могли последовать за ним даже в ад.
Но случилось так, что отважный Максимус, готовый сразиться с любым противником в честном бою, оказался бессилен против вероломных придворных интриг. Генерала предали и приговорили к смерти. Чудом избежав гибели, Максимус становится гладиатором.
Быстро снискав себе славу в кровавых поединках, он оказывается в знаменитом римском Колизее, на арене которого он встретится в смертельной схватке со своим заклятым врагом...",images/movies/Гладиатор_вертикальная.webp,images/movies/Гладиатор_горизонтальная.webp,2000-01-01,0.0,8.5,8.6,155,16,16,"16,9,7,6","437,438,97,439,436",9,"6,1",1,,,https://www.youtube.com/embed/F2Dr7Qb2Zf8?si=vF6qDHEkLxTII3yt
100,Леон,Léon,Осиротевшая девочка становится напарницей наемного убийцы. Культовый триллер с Жаном Рено и Натали Портман,images/movies/леон_вертикаль.webp,images/movies/леон_горизонталь.webp,1994-01-01,0.0,8.5,8.7,133,16,6,"13,11,9,6","571,575,572,569,576,578,570,573,577,574",98,"1,5",1,,,https://youtube.com/embed/hvya_q8KM80
121,Престиж,The Prestige,"Роберт и Альфред - фокусники-иллюзионисты, которые на рубеже XIX и XX веков соперничали друг с другом в Лондоне. С годами их дружеская конкуренция на профессиональной почве перерастает в настоящую войну.
Они готовы на все, чтобы выведать друг у друга секреты фантастических трюков и сорвать их исполнение. Непримиримая вражда, вспыхнувшая между ними, начинает угрожать жизни окружающих их людей…",images/movies/престиж_вертикаль.webp,images/movies/престиж_горизонталь.webp,2006-01-01,0.0,8.5,8.5,125,16,8,"12,11,9,4","763,765,376,32,759,760,762,761,758,764",8,"6,1",1,,,https://youtube.com/embed/0B6O17m9sWE
22,Зеленая миля,The Green Mile,"Пол Эджкомб — начальник блока смертников в тюрьме «Холодная гора», каждый из узников которого однажды проходит «зеленую милю» по пути к месту казни. Пол повидал много заключённых и надзирателей за время работы. Однако гигант Джон Коффи, обвинённый в страшном преступлении, стал одним из самых необычных обитателей блока.",images/movies/зеленая_миля_вертикальная.webp,images/movies/зеленая_миля_горизонтальная.webp,1999-01-01,0.0,8.6,9.1,189,16,342,"13,9,5","172,165,169,170,167,164,168,166,171,163",21,1,1,"58ed4fc8-ac3e-48b0-a3d1-f2a08b5156ae,5018f760-a526-42ff-bf8e-47d439a48790,2ac96d6d-0fa8-40c4-bbb6-23f1339d3f1d",c8850036-31f8-4063-8a21-5ee4764ccb8b,https://youtube.com/embed/TODt_q-_4C4
27,Унесённые призраками,Spirited Away,"Тихиро с мамой и папой переезжает в новый дом. Заблудившись по дороге, они оказываются в странном пустынном городе, где их ждет великолепный пир. Родители с жадностью набрасываются на еду и к ужасу девочки превращаются в свиней, став пленниками злой колдуньи Юбабы. Теперь, оказавшись одна среди волшебных существ и загадочных видений, Тихиро должна придумать, как избавить своих родителей от чар коварной старухи.",images/movies/Унесённые_призраками_вертикальная.webp,images/movies/Унесённые_призраками_горизонтальная.webp,2001-01-01,0.0,8.6,8.5,125,12,25,"3,5,7,8,15","204,203,202,205,206",26,7,1,,,https://youtube.com/embed/bgxiTkAlQrw
6,Интерстеллар,Interstellar,"Когда засуха, пыльные бури и вымирание растений приводят человечество к продовольственному кризису, коллектив исследователей и учёных отправляется сквозь червоточину (которая предположительно соединяет области пространства-времени через большое расстояние) в путешествие, чтобы превзойти прежние ограничения для космических путешествий человека и найти планету с подходящими для человечества условиями.",images/movies/Интерстеллар_вертикальная.webp,images/movies/Интерселлар_гор.webp,2014-11-06,0.0,8.7,8.6,169,16,29,"9,7,4","30,32,31,28,29",8,"6,8,1",1,58ed4fc8-ac3e-48b0-a3d1-f2a08b5156ae,,https://www.youtube.com/embed/zSWdZVtXT7E
140,Операция «Ы» и другие приключения Шурика,,"Студент Шурик попадает в самые невероятные ситуации: сражается с хулиганом Верзилой, весьма оригинальным способом готовится к экзамену и предотвращает «ограбление века», на которое идёт троица бандитов — Балбес, Трус и Бывалый.",images/movies/операция_ы_вертикаль_41.webp,images/movies/операция_ы_горизонт_42.webp,1965-01-01,0.0,8.7,8.5,95,6,4,"13,2,1","899,909,913,914,912,911,906,904,915,910",133,26,1,,,https://youtube.com/embed/hrvzSFKqifk
19,Бойцовский клуб,Fight Club,Страховой работник разрушает рутину своей благополучной жизни. Культовая драма по книге Чака Паланика,images/movies/бойцовский_клуб_вертикаль.webp,images/movies/Боицовскии_клуб_гориз_1.webp,1999-01-01,0.0,8.8,8.7,139,18,51,"13,11,9","135,140,143,138,137,142,139,136,134,141",20,"12,1",1,124dc59c-3133-45a2-99c6-820543bee419,,https://youtube.com/embed/C7-7qQ61QHU
139,Иван Васильевич меняет профессию,,"Инженер-изобретатель Тимофеев сконструировал машину времени, которая соединила его квартиру с далеким шестнадцатым веком - точнее, с палатами государя Ивана Грозного. Туда-то и попадают тезка царя пенсионер-общественник Иван Васильевич Бунша и квартирный вор Жорж Милославский.
На их место в двадцатом веке «переселяется» великий государь. Поломка машины приводит ко множеству неожиданных и забавных событий...",images/movies/Иван_Васильевич_вертикаль.webp,images/movies/Иван_Васильевич_горизонт.webp,1973-01-01,0.0,8.8,8.2,88,6,3,"7,4,1","899,905,901,906,902,908,904,903,907,900",133,26,1,,,https://youtube.com/embed/0IALFVo90K4
83,Криминальное чтиво,Pulp Fiction,"Двое бандитов Винсент Вега и Джулс Винфилд ведут философские беседы в перерывах между разборками и решением проблем с должниками криминального босса Марселласа Уоллеса.
В первой истории Винсент проводит незабываемый вечер с женой Марселласа Мией. Во второй рассказывается о боксёре Бутче Кулидже, купленном Уоллесом, чтобы сдать бой. В третьей истории Винсент и Джулс по нелепой случайности попадают в неприятности.",images/movies/Криминальное-чтиво-вертикальная.webp,images/movies/Криминальное-чтиво-горизонтальная.webp,1994-05-21,0.0,8.9,8.6,154,18,9,"13,9","496,498,495,90,497",59,1,1,,,https://youtube.com/embed/vBADUmfa9Q4
2,Человек-паук: Паутина вселенных,Spider-Man: Across the Spider-Verse,"Майлз Моралес отправляется в приключение по мультивселенной вместе с Гвен Стейси и новой командой Людей-пауков, которым предстоит столкнуться с могущественным злодеем.",images/movies/Человек-паук_вертикальная.webp,images/movies/Человек-паук_горизонтальная.webp,2023-05-31,0.0,8.9,8.7,140,0,525,"3,4,5,6,7,8","4,6,8,10,9,11,5,7,3,2","4,2,3",1,1,"a299ad6b-fa37-413b-8cb8-fad5051689de,5b95b64a-f72b-428a-87fe-2a49ac0ba12e,58ed4fc8-ac3e-48b0-a3d1-f2a08b5156ae,5018f760-a526-42ff-bf8e-47d439a48790,2ac96d6d-0fa8-40c4-bbb6-23f1339d3f1d,1b8fd4c0-f30f-4dcd-952b-000431d86e0a,124dc59c-3133-45a2-99c6-820543bee419,0bf75bc5-8431-4e02-88eb-3ef151c4d18d","de14e808-7cfd-4b90-82f6-624664ed2e4b,b4399a0d-47b5-4fdf-8210-6bda5a678136,92fb7fa2-b4a1-4ccb-a15a-e459a7b4e13c,5b95b64a-f72b-428a-87fe-2a49ac0ba12e,124dc59c-3133-45a2-99c6-820543bee419",https://youtube.com/embed/ycyJhoFs0M8
20,Побег из Шоушенка,Shawshank Redemption,"Бухгалтер Энди Дюфрейн обвинён в убийстве собственной жены и её любовника. Оказавшись в тюрьме под названием Шоушенк, он сталкивается с жестокостью и беззаконием, царящими по обе стороны решётки. Каждый, кто попадает в эти стены, становится их рабом до конца жизни. Но Энди, обладающий живым умом и доброй душой, находит подход как к заключённым, так и к охранникам, добиваясь их особого к себе расположения.",images/movies/побег_из_шоушенка_вертикальная.webp,images/movies/побег_из_шоушенка_горизонтальная.webp,1994-01-01,0.0,9.3,9.1,142,16,305,9,"146,149,151,152,148,153,150,145,144,147",21,1,1,b982c079-49b8-4c71-bb65-2a4edfd7fa45,,https://youtube.com/embed/kgAeKpAPOYk
